-- phpMyAdmin SQL Dump
-- version 5.2.2
-- https://www.phpmyadmin.net/
--
-- Host: localhost:3306
-- Generation Time: May 07, 2026 at 01:37 PM
-- Server version: 8.0.30
-- PHP Version: 8.1.10

SET SQL_MODE = "NO_AUTO_VALUE_ON_ZERO";
START TRANSACTION;
SET time_zone = "+00:00";


/*!40101 SET @OLD_CHARACTER_SET_CLIENT=@@CHARACTER_SET_CLIENT */;
/*!40101 SET @OLD_CHARACTER_SET_RESULTS=@@CHARACTER_SET_RESULTS */;
/*!40101 SET @OLD_COLLATION_CONNECTION=@@COLLATION_CONNECTION */;
/*!40101 SET NAMES utf8mb4 */;

--
-- Database: `nexusmind`
--

-- --------------------------------------------------------

--
-- Table structure for table `affinities`
--

CREATE TABLE `affinities` (
  `id` bigint UNSIGNED NOT NULL,
  `created_at` datetime(3) DEFAULT NULL,
  `updated_at` datetime(3) DEFAULT NULL,
  `deleted_at` datetime(3) DEFAULT NULL,
  `user_id` bigint UNSIGNED DEFAULT NULL,
  `target_user_id` bigint UNSIGNED DEFAULT NULL,
  `type` longtext
) ENGINE=InnoDB DEFAULT CHARSET=utf8mb4 COLLATE=utf8mb4_0900_ai_ci;

-- --------------------------------------------------------

--
-- Table structure for table `assessments`
--

CREATE TABLE `assessments` (
  `id` bigint UNSIGNED NOT NULL,
  `created_at` datetime(3) DEFAULT NULL,
  `updated_at` datetime(3) DEFAULT NULL,
  `deleted_at` datetime(3) DEFAULT NULL,
  `user_id` bigint UNSIGNED DEFAULT NULL,
  `order_type` longtext,
  `responses_json` longtext,
  `interference_score` double DEFAULT NULL,
  `fatigue_score` double DEFAULT NULL,
  `cynicism_score` double DEFAULT NULL,
  `efficacy_score` double DEFAULT NULL,
  `timestamp` datetime(3) DEFAULT NULL
) ENGINE=InnoDB DEFAULT CHARSET=utf8mb4 COLLATE=utf8mb4_0900_ai_ci;

--
-- Dumping data for table `assessments`
--

INSERT INTO `assessments` (`id`, `created_at`, `updated_at`, `deleted_at`, `user_id`, `order_type`, `responses_json`, `interference_score`, `fatigue_score`, `cynicism_score`, `efficacy_score`, `timestamp`) VALUES
(1, '2026-05-04 15:15:51.407', '2026-05-04 15:15:51.407', NULL, 2, '6560c0f83e1f3e45b2fe3b3e8e34565c', '[{\"id\":\"q1\",\"construct_type\":\"fatigue\",\"value\":1,\"reaction_time_ms\":2817},{\"id\":\"q2\",\"construct_type\":\"cynicism\",\"value\":2,\"reaction_time_ms\":735},{\"id\":\"q3\",\"construct_type\":\"efficacy\",\"value\":4,\"reaction_time_ms\":591},{\"id\":\"q4\",\"construct_type\":\"fatigue\",\"value\":3,\"reaction_time_ms\":625},{\"id\":\"q5\",\"construct_type\":\"efficacy\",\"value\":1,\"reaction_time_ms\":508}]', 1.3568702651471796, 2, 2, 3.5, '2026-05-04 15:15:51.407'),
(2, '2026-05-04 15:15:58.507', '2026-05-04 15:15:58.507', NULL, 2, '6560c0f83e1f3e45b2fe3b3e8e34565c', '[{\"id\":\"q1\",\"construct_type\":\"fatigue\",\"value\":2,\"reaction_time_ms\":2335},{\"id\":\"q2\",\"construct_type\":\"cynicism\",\"value\":2,\"reaction_time_ms\":681},{\"id\":\"q3\",\"construct_type\":\"efficacy\",\"value\":2,\"reaction_time_ms\":515},{\"id\":\"q4\",\"construct_type\":\"fatigue\",\"value\":2,\"reaction_time_ms\":969},{\"id\":\"q5\",\"construct_type\":\"efficacy\",\"value\":2,\"reaction_time_ms\":576}]', 1.3038458936160109, 2, 2, 4, '2026-05-04 15:15:58.507'),
(3, '2026-05-04 15:16:07.539', '2026-05-04 15:16:07.539', NULL, 2, '6560c0f83e1f3e45b2fe3b3e8e34565c', '[{\"id\":\"q1\",\"construct_type\":\"fatigue\",\"value\":2,\"reaction_time_ms\":5773},{\"id\":\"q2\",\"construct_type\":\"cynicism\",\"value\":2,\"reaction_time_ms\":468},{\"id\":\"q3\",\"construct_type\":\"efficacy\",\"value\":2,\"reaction_time_ms\":199},{\"id\":\"q4\",\"construct_type\":\"fatigue\",\"value\":2,\"reaction_time_ms\":516},{\"id\":\"q5\",\"construct_type\":\"efficacy\",\"value\":2,\"reaction_time_ms\":693}]', 1.5325403182370072, 2, 2, 4, '2026-05-04 15:16:07.539'),
(4, '2026-05-04 15:33:20.087', '2026-05-04 15:33:20.087', NULL, 2, '6560c0f83e1f3e45b2fe3b3e8e34565c', '[{\"id\":\"q1\",\"construct_type\":\"fatigue\",\"value\":3,\"reaction_time_ms\":3182},{\"id\":\"q2\",\"construct_type\":\"cynicism\",\"value\":3,\"reaction_time_ms\":554},{\"id\":\"q3\",\"construct_type\":\"efficacy\",\"value\":3,\"reaction_time_ms\":157},{\"id\":\"q4\",\"construct_type\":\"fatigue\",\"value\":3,\"reaction_time_ms\":1625},{\"id\":\"q5\",\"construct_type\":\"efficacy\",\"value\":3,\"reaction_time_ms\":778}]', 1.3959555454513404, 3, 3, 3, '2026-05-04 15:33:20.087'),
(5, '2026-05-07 19:05:40.906', '2026-05-07 19:05:40.906', NULL, 2, '68a2622aa1df4047b5bf4d70338f73ee', '[{\"id\":\"q1\",\"construct_type\":\"fatigue\",\"value\":4,\"reaction_time_ms\":12840},{\"id\":\"q2\",\"construct_type\":\"cynicism\",\"value\":4,\"reaction_time_ms\":5459},{\"id\":\"q3\",\"construct_type\":\"efficacy\",\"value\":3,\"reaction_time_ms\":4517},{\"id\":\"q4\",\"construct_type\":\"fatigue\",\"value\":2,\"reaction_time_ms\":713},{\"id\":\"q5\",\"construct_type\":\"cynicism\",\"value\":3,\"reaction_time_ms\":731},{\"id\":\"q6\",\"construct_type\":\"fatigue\",\"value\":4,\"reaction_time_ms\":716},{\"id\":\"q7\",\"construct_type\":\"cynicism\",\"value\":3,\"reaction_time_ms\":622},{\"id\":\"q8\",\"construct_type\":\"efficacy\",\"value\":2,\"reaction_time_ms\":762},{\"id\":\"q9\",\"construct_type\":\"fatigue\",\"value\":3,\"reaction_time_ms\":796},{\"id\":\"q10\",\"construct_type\":\"cynicism\",\"value\":2,\"reaction_time_ms\":2386}]', 1.643032005348911, 3.25, 3, 3.5, '2026-05-07 19:05:40.906'),
(6, '2026-05-07 19:06:15.209', '2026-05-07 19:06:15.209', NULL, 2, '68a2622aa1df4047b5bf4d70338f73ee', '[{\"id\":\"q1\",\"construct_type\":\"fatigue\",\"value\":2,\"reaction_time_ms\":2537},{\"id\":\"q2\",\"construct_type\":\"cynicism\",\"value\":3,\"reaction_time_ms\":572},{\"id\":\"q3\",\"construct_type\":\"efficacy\",\"value\":3,\"reaction_time_ms\":236},{\"id\":\"q4\",\"construct_type\":\"fatigue\",\"value\":3,\"reaction_time_ms\":189},{\"id\":\"q5\",\"construct_type\":\"cynicism\",\"value\":3,\"reaction_time_ms\":313},{\"id\":\"q6\",\"construct_type\":\"fatigue\",\"value\":3,\"reaction_time_ms\":355},{\"id\":\"q7\",\"construct_type\":\"cynicism\",\"value\":3,\"reaction_time_ms\":259},{\"id\":\"q8\",\"construct_type\":\"efficacy\",\"value\":3,\"reaction_time_ms\":353},{\"id\":\"q9\",\"construct_type\":\"fatigue\",\"value\":3,\"reaction_time_ms\":1403},{\"id\":\"q10\",\"construct_type\":\"cynicism\",\"value\":3,\"reaction_time_ms\":509}]', 1.3117199346719992, 2.75, 3, 3, '2026-05-07 19:06:15.209'),
(7, '2026-05-07 19:13:20.347', '2026-05-07 19:13:20.347', NULL, 1, 'abc123', '[{\"id\":\"q1\",\"construct_type\":\"fatigue\",\"value\":4,\"reaction_time_ms\":1200},{\"id\":\"q2\",\"construct_type\":\"cynicism\",\"value\":3,\"reaction_time_ms\":800},{\"id\":\"q3\",\"construct_type\":\"efficacy\",\"value\":2,\"reaction_time_ms\":600}]', 1.103848355667454, 4, 3, 4, '2026-05-07 19:13:20.347'),
(8, '2026-05-07 19:14:28.989', '2026-05-07 19:14:28.989', NULL, 2, '68a2622aa1df4047b5bf4d70338f73ee', '[{\"id\":\"q1\",\"construct_type\":\"fatigue\",\"value\":3,\"reaction_time_ms\":13351},{\"id\":\"q2\",\"construct_type\":\"cynicism\",\"value\":3,\"reaction_time_ms\":349},{\"id\":\"q3\",\"construct_type\":\"efficacy\",\"value\":3,\"reaction_time_ms\":177},{\"id\":\"q4\",\"construct_type\":\"fatigue\",\"value\":3,\"reaction_time_ms\":384},{\"id\":\"q5\",\"construct_type\":\"cynicism\",\"value\":3,\"reaction_time_ms\":212},{\"id\":\"q6\",\"construct_type\":\"fatigue\",\"value\":3,\"reaction_time_ms\":212},{\"id\":\"q7\",\"construct_type\":\"cynicism\",\"value\":3,\"reaction_time_ms\":205},{\"id\":\"q8\",\"construct_type\":\"efficacy\",\"value\":3,\"reaction_time_ms\":201},{\"id\":\"q9\",\"construct_type\":\"cynicism\",\"value\":3,\"reaction_time_ms\":197},{\"id\":\"q10\",\"construct_type\":\"efficacy\",\"value\":3,\"reaction_time_ms\":354}]', 1.655259527891221, 3, 3, 3, '2026-05-07 19:14:28.989'),
(9, '2026-05-07 19:20:02.490', '2026-05-07 19:20:02.490', NULL, 1, 'x', '[{\"id\":\"q1\",\"construct_type\":\"fatigue\",\"value\":3,\"reaction_time_ms\":900},{\"id\":\"q2\",\"construct_type\":\"cynicism\",\"value\":2,\"reaction_time_ms\":700},{\"id\":\"q3\",\"construct_type\":\"efficacy\",\"value\":4,\"reaction_time_ms\":500}]', 1.0191207124284802, 3, 2, 2, '2026-05-07 19:20:02.490'),
(10, '2026-05-07 19:20:48.816', '2026-05-07 19:20:48.816', NULL, 2, '68a2622aa1df4047b5bf4d70338f73ee', '[{\"id\":\"q1\",\"construct_type\":\"fatigue\",\"value\":3,\"reaction_time_ms\":1857},{\"id\":\"q2\",\"construct_type\":\"cynicism\",\"value\":3,\"reaction_time_ms\":230},{\"id\":\"q3\",\"construct_type\":\"efficacy\",\"value\":3,\"reaction_time_ms\":320},{\"id\":\"q4\",\"construct_type\":\"fatigue\",\"value\":3,\"reaction_time_ms\":335},{\"id\":\"q5\",\"construct_type\":\"cynicism\",\"value\":3,\"reaction_time_ms\":342},{\"id\":\"q6\",\"construct_type\":\"fatigue\",\"value\":3,\"reaction_time_ms\":190},{\"id\":\"q7\",\"construct_type\":\"cynicism\",\"value\":3,\"reaction_time_ms\":181},{\"id\":\"q8\",\"construct_type\":\"efficacy\",\"value\":3,\"reaction_time_ms\":354},{\"id\":\"q9\",\"construct_type\":\"cynicism\",\"value\":3,\"reaction_time_ms\":180},{\"id\":\"q10\",\"construct_type\":\"efficacy\",\"value\":3,\"reaction_time_ms\":185}]', 1.2367988413162396, 3, 3, 3, '2026-05-07 19:20:48.816'),
(11, '2026-05-07 19:24:22.428', '2026-05-07 19:24:22.428', NULL, 2, '68a2622aa1df4047b5bf4d70338f73ee', '[{\"id\":\"q1\",\"construct_type\":\"fatigue\",\"value\":2,\"reaction_time_ms\":2177},{\"id\":\"q2\",\"construct_type\":\"cynicism\",\"value\":2,\"reaction_time_ms\":286},{\"id\":\"q3\",\"construct_type\":\"efficacy\",\"value\":3,\"reaction_time_ms\":931},{\"id\":\"q4\",\"construct_type\":\"fatigue\",\"value\":3,\"reaction_time_ms\":313},{\"id\":\"q5\",\"construct_type\":\"cynicism\",\"value\":2,\"reaction_time_ms\":754},{\"id\":\"q6\",\"construct_type\":\"fatigue\",\"value\":2,\"reaction_time_ms\":350},{\"id\":\"q7\",\"construct_type\":\"cynicism\",\"value\":2,\"reaction_time_ms\":333},{\"id\":\"q8\",\"construct_type\":\"efficacy\",\"value\":2,\"reaction_time_ms\":337},{\"id\":\"q9\",\"construct_type\":\"cynicism\",\"value\":2,\"reaction_time_ms\":338},{\"id\":\"q10\",\"construct_type\":\"efficacy\",\"value\":2,\"reaction_time_ms\":177}]', 1.269210659979982, 2.3333333333333335, 2, 3.6666666666666665, '2026-05-07 19:24:22.428'),
(12, '2026-05-07 19:25:18.799', '2026-05-07 19:25:18.799', NULL, 2, '68a2622aa1df4047b5bf4d70338f73ee', '[{\"id\":\"q1\",\"construct_type\":\"fatigue\",\"value\":1,\"reaction_time_ms\":1392},{\"id\":\"q2\",\"construct_type\":\"cynicism\",\"value\":1,\"reaction_time_ms\":217},{\"id\":\"q3\",\"construct_type\":\"efficacy\",\"value\":1,\"reaction_time_ms\":350},{\"id\":\"q4\",\"construct_type\":\"fatigue\",\"value\":1,\"reaction_time_ms\":335},{\"id\":\"q5\",\"construct_type\":\"cynicism\",\"value\":1,\"reaction_time_ms\":371},{\"id\":\"q6\",\"construct_type\":\"fatigue\",\"value\":1,\"reaction_time_ms\":189},{\"id\":\"q7\",\"construct_type\":\"cynicism\",\"value\":1,\"reaction_time_ms\":354},{\"id\":\"q8\",\"construct_type\":\"efficacy\",\"value\":1,\"reaction_time_ms\":189},{\"id\":\"q9\",\"construct_type\":\"cynicism\",\"value\":1,\"reaction_time_ms\":367},{\"id\":\"q10\",\"construct_type\":\"efficacy\",\"value\":1,\"reaction_time_ms\":212}]', 1.165499986199477, 1, 1, 5, '2026-05-07 19:25:18.799'),
(13, '2026-05-07 19:31:53.944', '2026-05-07 19:31:53.944', NULL, 2, '68a2622aa1df4047b5bf4d70338f73ee', '[{\"id\":\"q1\",\"construct_type\":\"fatigue\",\"value\":2,\"reaction_time_ms\":1314},{\"id\":\"q2\",\"construct_type\":\"cynicism\",\"value\":2,\"reaction_time_ms\":549},{\"id\":\"q3\",\"construct_type\":\"efficacy\",\"value\":2,\"reaction_time_ms\":361},{\"id\":\"q4\",\"construct_type\":\"fatigue\",\"value\":2,\"reaction_time_ms\":192},{\"id\":\"q5\",\"construct_type\":\"cynicism\",\"value\":2,\"reaction_time_ms\":203},{\"id\":\"q6\",\"construct_type\":\"fatigue\",\"value\":2,\"reaction_time_ms\":194},{\"id\":\"q7\",\"construct_type\":\"cynicism\",\"value\":2,\"reaction_time_ms\":220},{\"id\":\"q8\",\"construct_type\":\"efficacy\",\"value\":2,\"reaction_time_ms\":211},{\"id\":\"q9\",\"construct_type\":\"cynicism\",\"value\":2,\"reaction_time_ms\":219},{\"id\":\"q10\",\"construct_type\":\"efficacy\",\"value\":2,\"reaction_time_ms\":232}]', 1.1611358490883652, 2, 2, 4, '2026-05-07 19:31:53.944'),
(14, '2026-05-07 19:32:15.493', '2026-05-07 19:32:15.493', NULL, 2, '68a2622aa1df4047b5bf4d70338f73ee', '[{\"id\":\"q1\",\"construct_type\":\"fatigue\",\"value\":2,\"reaction_time_ms\":1777},{\"id\":\"q2\",\"construct_type\":\"cynicism\",\"value\":3,\"reaction_time_ms\":744},{\"id\":\"q3\",\"construct_type\":\"efficacy\",\"value\":1,\"reaction_time_ms\":1094},{\"id\":\"q4\",\"construct_type\":\"fatigue\",\"value\":1,\"reaction_time_ms\":218},{\"id\":\"q5\",\"construct_type\":\"cynicism\",\"value\":1,\"reaction_time_ms\":188},{\"id\":\"q6\",\"construct_type\":\"fatigue\",\"value\":1,\"reaction_time_ms\":353},{\"id\":\"q7\",\"construct_type\":\"cynicism\",\"value\":1,\"reaction_time_ms\":382},{\"id\":\"q8\",\"construct_type\":\"efficacy\",\"value\":1,\"reaction_time_ms\":235},{\"id\":\"q9\",\"construct_type\":\"cynicism\",\"value\":1,\"reaction_time_ms\":238},{\"id\":\"q10\",\"construct_type\":\"efficacy\",\"value\":1,\"reaction_time_ms\":190}]', 1.241832708507427, 1.3333333333333333, 1.5, 5, '2026-05-07 19:32:15.493'),
(15, '2026-05-07 19:35:18.014', '2026-05-07 19:35:18.014', NULL, 2, '68a2622aa1df4047b5bf4d70338f73ee', '[{\"id\":\"q1\",\"construct_type\":\"fatigue\",\"value\":2,\"reaction_time_ms\":2239},{\"id\":\"q2\",\"construct_type\":\"cynicism\",\"value\":2,\"reaction_time_ms\":321},{\"id\":\"q3\",\"construct_type\":\"efficacy\",\"value\":2,\"reaction_time_ms\":314},{\"id\":\"q4\",\"construct_type\":\"fatigue\",\"value\":2,\"reaction_time_ms\":348},{\"id\":\"q5\",\"construct_type\":\"cynicism\",\"value\":2,\"reaction_time_ms\":199},{\"id\":\"q6\",\"construct_type\":\"fatigue\",\"value\":2,\"reaction_time_ms\":185},{\"id\":\"q7\",\"construct_type\":\"cynicism\",\"value\":2,\"reaction_time_ms\":315},{\"id\":\"q8\",\"construct_type\":\"efficacy\",\"value\":2,\"reaction_time_ms\":335},{\"id\":\"q9\",\"construct_type\":\"cynicism\",\"value\":2,\"reaction_time_ms\":316},{\"id\":\"q10\",\"construct_type\":\"efficacy\",\"value\":2,\"reaction_time_ms\":300}]', 1.2747630829016745, 2, 2, 4, '2026-05-07 19:35:18.014'),
(16, '2026-05-07 19:56:39.889', '2026-05-07 19:56:39.889', NULL, 2, '68a2622aa1df4047b5bf4d70338f73ee', '[{\"id\":\"q1\",\"construct_type\":\"fatigue\",\"value\":2,\"reaction_time_ms\":1889},{\"id\":\"q2\",\"construct_type\":\"cynicism\",\"value\":2,\"reaction_time_ms\":351},{\"id\":\"q3\",\"construct_type\":\"efficacy\",\"value\":2,\"reaction_time_ms\":197},{\"id\":\"q4\",\"construct_type\":\"fatigue\",\"value\":2,\"reaction_time_ms\":201},{\"id\":\"q5\",\"construct_type\":\"cynicism\",\"value\":2,\"reaction_time_ms\":253},{\"id\":\"q6\",\"construct_type\":\"fatigue\",\"value\":2,\"reaction_time_ms\":222},{\"id\":\"q7\",\"construct_type\":\"cynicism\",\"value\":2,\"reaction_time_ms\":253},{\"id\":\"q8\",\"construct_type\":\"efficacy\",\"value\":2,\"reaction_time_ms\":285},{\"id\":\"q9\",\"construct_type\":\"cynicism\",\"value\":2,\"reaction_time_ms\":260},{\"id\":\"q10\",\"construct_type\":\"efficacy\",\"value\":2,\"reaction_time_ms\":228}]', 1.2403168235183277, 2, 2, 4, '2026-05-07 19:56:39.889');

-- --------------------------------------------------------

--
-- Table structure for table `curhats`
--

CREATE TABLE `curhats` (
  `id` bigint UNSIGNED NOT NULL,
  `created_at` datetime(3) DEFAULT NULL,
  `updated_at` datetime(3) DEFAULT NULL,
  `deleted_at` datetime(3) DEFAULT NULL,
  `user_id` bigint UNSIGNED DEFAULT NULL,
  `is_anonymous` tinyint(1) DEFAULT '1',
  `text` longtext,
  `stress_score` double DEFAULT NULL,
  `timestamp` datetime(3) DEFAULT NULL,
  `ai_response` longtext
) ENGINE=InnoDB DEFAULT CHARSET=utf8mb4 COLLATE=utf8mb4_0900_ai_ci;

--
-- Dumping data for table `curhats`
--

INSERT INTO `curhats` (`id`, `created_at`, `updated_at`, `deleted_at`, `user_id`, `is_anonymous`, `text`, `stress_score`, `timestamp`, `ai_response`) VALUES
(22, '2026-05-04 17:45:14.251', '2026-05-04 17:45:14.251', NULL, 2, 1, 'p', 0, '2026-05-04 17:45:14.251', 'Tentu, saya di sini untuk mendengarkan. Jika ada yang ingin kamu ceritakan atau bagikan, silakan lakukan. Saya siap membantu!'),
(23, '2026-05-04 17:45:27.684', '2026-05-04 17:45:27.684', NULL, 2, 1, 'halo saya nafi sebut say nafi', 0, '2026-05-04 17:45:27.684', 'Halo Nafi! Terima kasih sudah berbagi. Jika ada yang ingin kamu ceritakan atau diskusikan, aku di sini untuk mendengarkan. Kamu tidak sendirian!'),
(24, '2026-05-04 17:45:41.365', '2026-05-04 17:45:41.365', NULL, 2, 1, 'kamu bego ya', 0, '2026-05-04 17:45:41.365', 'Saya bisa merasakan kekecewaanmu. Terkadang kita semua bisa merasa frustrasi, dan itu wajar. Aku di sini untuk mendengarkan jika kamu ingin berbagi lebih lanjut.'),
(25, '2026-05-04 17:45:51.719', '2026-05-04 17:45:51.719', NULL, 2, 1, 'buat coding html', 0, '2026-05-04 17:45:51.719', 'Tentu, saya di sini untuk membantu! Jangan ragu untuk berbagi lebih banyak tentang apa yang kamu butuhkan dalam coding HTML. Bersama-sama kita bisa mencari solusi yang tepat untukmu!'),
(26, '2026-05-04 18:57:08.618', '2026-05-04 18:57:08.618', NULL, 2, 1, 'cscsa', 0, '2026-05-04 18:57:08.618', 'Tentu, saya di sini untuk mendengarkan. Jika ada yang ingin kamu bagikan atau diskusikan, jangan ragu untuk mengungkapkannya. Kamu tidak sendirian dalam perasaan ini.'),
(27, '2026-05-04 18:57:20.128', '2026-05-04 18:57:20.128', NULL, 2, 1, 'sebut nama saya ', 0, '2026-05-04 18:57:20.128', 'Tentu, saya di sini untuk mendengarkan kamu. Apakah ada yang ingin kamu sampaikan atau ceritakan lebih lanjut? Saya siap mendukungmu!'),
(28, '2026-05-04 18:57:31.396', '2026-05-04 18:57:31.396', NULL, 2, 1, 'nama saya nafi sebut saya ', 0, '2026-05-04 18:57:31.396', 'Halo Nafi! Terima kasih sudah memperkenalkan diri. Saya di sini untuk mendengarkan dan mendukungmu. Jika ada yang ingin kamu bagikan atau curhat, jangan ragu untuk berbagi ya.'),
(29, '2026-05-07 18:37:11.035', '2026-05-07 18:37:11.035', NULL, 2, 1, 'hidup jokowi', 0, '2026-05-07 18:37:11.035', 'Senang mendengarnya! Terlihat kamu sedang dalam kondisi emosional yang cukup stabil. Pertahankan hal-hal positif ini ya!'),
(30, '2026-05-07 18:37:24.015', '2026-05-07 18:37:24.015', NULL, 2, 1, 'namaku siapa', 0, '2026-05-07 18:37:24.015', 'Senang mendengarnya! Terlihat kamu sedang dalam kondisi emosional yang cukup stabil. Pertahankan hal-hal positif ini ya!'),
(31, '2026-05-07 18:40:20.715', '2026-05-07 18:40:20.715', NULL, 1, 1, 'Saya merasa sangat lelah dan stres dengan pekerjaan, sudah tidak sanggup lagi', 0.35416666666666674, '2026-05-07 18:40:20.715', 'Terima kasih sudah berbagi. Terkadang hal-hal kecil memang bisa menumpuk. Jangan lupa untuk memberi dirimu sendiri apresiasi atas usahamu hari ini.'),
(32, '2026-05-07 18:41:33.948', '2026-05-07 18:41:33.948', NULL, 2, 1, 'haloo', 0, '2026-05-07 18:41:33.948', 'Senang mendengarnya! Terlihat kamu sedang dalam kondisi emosional yang cukup stabil. Pertahankan hal-hal positif ini ya!'),
(33, '2026-05-07 18:45:41.760', '2026-05-07 18:45:41.760', NULL, 2, 1, 'hidup jokowi', 0, '2026-05-07 18:45:41.760', 'Senang mendengarnya! Sepertinya kamu dalam kondisi yang cukup baik. Tetap jaga keseimbangan ya antara kerja/istirahat. Kalau ada yang mengganjal, aku selalu di sini untuk mendengarkan.'),
(34, '2026-05-07 18:45:51.775', '2026-05-07 18:45:51.775', NULL, 2, 1, 'nama kamu siapa', 0, '2026-05-07 18:45:51.775', 'Senang mendengarnya! Sepertinya kamu dalam kondisi yang cukup baik. Tetap jaga keseimbangan ya antara kerja/istirahat. Kalau ada yang mengganjal, aku selalu di sini untuk mendengarkan.'),
(35, '2026-05-07 18:46:07.373', '2026-05-07 18:46:07.373', NULL, 2, 1, 'panggil nama saya', 0, '2026-05-07 18:46:07.373', 'Senang mendengarnya! Sepertinya kamu dalam kondisi yang cukup baik. Tetap jaga keseimbangan ya antara kerja/istirahat. Kalau ada yang mengganjal, aku selalu di sini untuk mendengarkan.'),
(36, '2026-05-07 18:48:36.068', '2026-05-07 18:48:36.068', NULL, 1, 1, 'Hari ini aku merasa sangat bahagia karena projectku akhirnya selesai!', 0.15, '2026-05-07 18:48:36.068', 'Selamat atas keberhasilanmu menyelesaikan proyek! Itu adalah pencapaian yang luar biasa dan patut dirayakan. Rasakan kebahagiaan ini sepenuhnya dan beri dirimu waktu untuk bersantai setelah kerja keras yang kamu lakukan.'),
(37, '2026-05-07 18:49:19.040', '2026-05-07 18:49:19.040', NULL, 2, 1, 'hidup jokowi', 0.2, '2026-05-07 18:49:19.040', 'Sepertinya kamu memiliki pandangan yang kuat tentang isu-isu politik. Apakah ada topik tertentu yang ingin kamu diskusikan tentang Jokowi atau situasi politik di Indonesia? Aku di sini untuk mendengarkan.'),
(38, '2026-05-07 19:17:54.275', '2026-05-07 19:17:54.275', NULL, 2, 1, 'jokowiiii', 0.1, '2026-05-07 19:17:54.275', 'Kamu tampak sangat bersemangat tentang Jokowi! Apakah ada hal tertentu yang ingin kamu bahas atau sampaikan tentang kepemimpinannya? Aku di sini untuk mendengarkan dan berdiskusi.');

-- --------------------------------------------------------

--
-- Table structure for table `curhat_replies`
--

CREATE TABLE `curhat_replies` (
  `id` bigint UNSIGNED NOT NULL,
  `created_at` datetime(3) DEFAULT NULL,
  `updated_at` datetime(3) DEFAULT NULL,
  `deleted_at` datetime(3) DEFAULT NULL,
  `curhat_id` bigint UNSIGNED DEFAULT NULL,
  `user_id` bigint UNSIGNED DEFAULT NULL,
  `text` longtext
) ENGINE=InnoDB DEFAULT CHARSET=utf8mb4 COLLATE=utf8mb4_0900_ai_ci;

-- --------------------------------------------------------

--
-- Table structure for table `follows`
--

CREATE TABLE `follows` (
  `id` bigint UNSIGNED NOT NULL,
  `created_at` datetime(3) DEFAULT NULL,
  `updated_at` datetime(3) DEFAULT NULL,
  `deleted_at` datetime(3) DEFAULT NULL,
  `follower_id` bigint UNSIGNED DEFAULT NULL,
  `following_id` bigint UNSIGNED DEFAULT NULL
) ENGINE=InnoDB DEFAULT CHARSET=utf8mb4 COLLATE=utf8mb4_0900_ai_ci;

--
-- Dumping data for table `follows`
--

INSERT INTO `follows` (`id`, `created_at`, `updated_at`, `deleted_at`, `follower_id`, `following_id`) VALUES
(1, '2026-05-04 18:52:10.539', '2026-05-04 18:52:10.539', NULL, 2, 3),
(2, '2026-05-04 18:52:12.310', '2026-05-04 18:52:12.310', NULL, 2, 4);

-- --------------------------------------------------------

--
-- Table structure for table `gossip_reacts`
--

CREATE TABLE `gossip_reacts` (
  `id` bigint UNSIGNED NOT NULL,
  `created_at` datetime(3) DEFAULT NULL,
  `updated_at` datetime(3) DEFAULT NULL,
  `deleted_at` datetime(3) DEFAULT NULL,
  `curhat_id` bigint UNSIGNED DEFAULT NULL,
  `user_id` bigint UNSIGNED DEFAULT NULL,
  `react_type` longtext
) ENGINE=InnoDB DEFAULT CHARSET=utf8mb4 COLLATE=utf8mb4_0900_ai_ci;

-- --------------------------------------------------------

--
-- Table structure for table `notifications`
--

CREATE TABLE `notifications` (
  `id` bigint UNSIGNED NOT NULL,
  `created_at` datetime(3) DEFAULT NULL,
  `updated_at` datetime(3) DEFAULT NULL,
  `deleted_at` datetime(3) DEFAULT NULL,
  `user_id` bigint UNSIGNED DEFAULT NULL,
  `type` longtext,
  `message` longtext,
  `is_read` tinyint(1) DEFAULT '0'
) ENGINE=InnoDB DEFAULT CHARSET=utf8mb4 COLLATE=utf8mb4_0900_ai_ci;

--
-- Dumping data for table `notifications`
--

INSERT INTO `notifications` (`id`, `created_at`, `updated_at`, `deleted_at`, `user_id`, `type`, `message`, `is_read`) VALUES
(1, '2026-05-07 19:13:20.355', '2026-05-07 19:13:20.355', NULL, 1, 'assessment', 'Hasil kuisioner Anda telah dianalisis. Risiko burnout: rendah — kondisi Anda baik. Skor: 3.3/10.', 0),
(2, '2026-05-07 19:14:28.995', '2026-05-07 19:24:43.857', NULL, 2, 'assessment', 'Hasil kuisioner Anda telah dianalisis. Risiko burnout: rendah — kondisi Anda baik. Skor: 2.7/10.', 1),
(3, '2026-05-07 19:20:02.495', '2026-05-07 19:20:02.495', NULL, 1, 'assessment', 'Hasil kuisioner Anda telah dianalisis. Risiko burnout: rendah — kondisi Anda baik. Skor: 3.0/10.', 0),
(4, '2026-05-07 19:20:48.821', '2026-05-07 19:24:34.031', NULL, 2, 'assessment', 'Hasil kuisioner Anda telah dianalisis. Risiko burnout: rendah — kondisi Anda baik. Skor: 2.7/10.', 1),
(5, '2026-05-07 19:24:22.441', '2026-05-07 19:24:26.033', NULL, 2, 'assessment', 'Hasil kuisioner Anda telah dianalisis. Risiko burnout: rendah — kondisi Anda baik. Skor: 2.0/10.', 1),
(6, '2026-05-07 19:25:18.805', '2026-05-07 19:25:23.177', NULL, 2, 'assessment', 'Hasil kuisioner Anda telah dianalisis. Risiko burnout: rendah — kondisi Anda baik. Skor: 0.9/10.', 1),
(7, '2026-05-07 19:31:53.988', '2026-05-07 19:31:57.993', NULL, 2, 'assessment', 'Hasil kuisioner Anda telah dianalisis. Risiko burnout: rendah — kondisi Anda baik. Skor: 1.8/10.', 1),
(8, '2026-05-07 19:32:15.500', '2026-05-07 19:32:21.459', NULL, 2, 'assessment', 'Hasil kuisioner Anda telah dianalisis. Risiko burnout: rendah — kondisi Anda baik. Skor: 1.2/10.', 1),
(9, '2026-05-07 19:35:18.022', '2026-05-07 19:35:47.223', NULL, 2, 'assessment', 'Hasil kuisioner Anda telah dianalisis. Risiko burnout: rendah — kondisi Anda baik. Skor: 1.8/10.', 1),
(10, '2026-05-07 19:56:39.899', '2026-05-07 20:02:07.580', NULL, 2, 'assessment', 'Hasil kuisioner Anda telah dianalisis. Risiko burnout: rendah — kondisi Anda baik. Skor: 1.8/10.', 1),
(11, '2026-05-07 20:22:28.069', '2026-05-07 20:22:28.069', NULL, 2, 'treatment', 'Admin mengirimkan rekomendasi penanganan: Admin merekomendasikan: Istirahat total selama 3 hari dan konsultasi psikolog. Jaga pola tidur dan kurangi beban kerja.', 0),
(12, '2026-05-07 20:23:35.248', '2026-05-07 20:23:35.248', NULL, 2, 'treatment', 'Admin mengirimkan rekomendasi penanganan: halo gnatenf', 0),
(13, '2026-05-07 20:23:53.134', '2026-05-07 20:23:53.134', NULL, 2, 'treatment', 'Admin mengirimkan rekomendasi penanganan: aloooo', 0),
(14, '2026-05-07 20:27:14.825', '2026-05-07 20:27:14.825', NULL, 2, 'treatment', 'Admin mengirimkan rekomendasi penanganan: pp', 0),
(15, '2026-05-07 20:27:27.967', '2026-05-07 20:27:27.967', NULL, 2, 'treatment', 'Admin mengirimkan rekomendasi penanganan: jahdiabsdjasfa', 0),
(16, '2026-05-07 20:27:48.253', '2026-05-07 20:27:48.253', NULL, 2, 'treatment', 'Admin mengirimkan rekomendasi penanganan: aloooo', 0),
(17, '2026-05-07 20:28:00.571', '2026-05-07 20:28:00.571', NULL, 2, 'treatment', 'Admin mengirimkan rekomendasi penanganan: Pertahankan kondisi saat ini. Tetap lakukan kuisioner harian untuk monitoring rutin.', 0),
(18, '2026-05-07 20:28:11.727', '2026-05-07 20:28:11.727', NULL, 2, 'treatment', 'Admin mengirimkan rekomendasi penanganan: nafii makan', 0),
(19, '2026-05-07 20:28:19.035', '2026-05-07 20:28:19.035', NULL, 2, 'treatment', 'Admin mengirimkan rekomendasi penanganan: a', 0);

-- --------------------------------------------------------

--
-- Table structure for table `predictions`
--

CREATE TABLE `predictions` (
  `id` bigint UNSIGNED NOT NULL,
  `created_at` datetime(3) DEFAULT NULL,
  `updated_at` datetime(3) DEFAULT NULL,
  `deleted_at` datetime(3) DEFAULT NULL,
  `user_id` bigint UNSIGNED DEFAULT NULL,
  `burnout_score` double DEFAULT NULL,
  `psychosomatic_score` double DEFAULT NULL,
  `risk_level` longtext,
  `timestamp` datetime(3) DEFAULT NULL
) ENGINE=InnoDB DEFAULT CHARSET=utf8mb4 COLLATE=utf8mb4_0900_ai_ci;

--
-- Dumping data for table `predictions`
--

INSERT INTO `predictions` (`id`, `created_at`, `updated_at`, `deleted_at`, `user_id`, `burnout_score`, `psychosomatic_score`, `risk_level`, `timestamp`) VALUES
(1, '2026-05-04 15:15:51.414', '2026-05-04 15:15:51.414', NULL, 2, 1.8356870265147178, 3.5038550189325437, 'Low', '2026-05-04 15:15:51.414'),
(2, '2026-05-04 15:15:58.512', '2026-05-04 15:15:58.512', NULL, 2, 1.730384589361601, 3.3400765119132974, 'Low', '2026-05-04 15:15:58.512'),
(3, '2026-05-04 15:16:07.544', '2026-05-04 15:16:07.544', NULL, 2, 1.7532540318237007, 3.701413702814471, 'Low', '2026-05-04 15:16:07.544'),
(4, '2026-05-04 15:33:20.140', '2026-05-04 15:33:20.140', NULL, 2, 2.639595554545134, 4.205609761813118, 'Low', '2026-05-04 15:33:20.140'),
(5, '2026-05-07 19:05:40.915', '2026-05-07 19:05:40.915', NULL, 2, 2.7443032005348913, 4.6599905684512795, 'Low', '2026-05-07 19:05:40.915'),
(6, '2026-05-07 19:06:15.213', '2026-05-07 19:06:15.213', NULL, 2, 2.6111719934671997, 4.056517496781758, 'Low', '2026-05-07 19:06:15.213'),
(7, '2026-05-07 19:13:20.353', '2026-05-07 19:13:20.353', NULL, 1, 3.3145515022334124, 4.307413735287911, 'Low', '2026-05-07 19:13:20.353'),
(8, '2026-05-07 19:14:28.993', '2026-05-07 19:14:28.993', NULL, 2, 2.745525952789122, 4.679310054068129, 'Low', '2026-05-07 19:14:28.993'),
(9, '2026-05-07 19:20:02.494', '2026-05-07 19:20:02.494', NULL, 1, 3.0060787379095153, 3.933544058970333, 'Low', '2026-05-07 19:20:02.494'),
(10, '2026-05-07 19:20:48.819', '2026-05-07 19:20:48.819', NULL, 2, 2.743679884131624, 4.050142169279659, 'Low', '2026-05-07 19:20:48.819'),
(11, '2026-05-07 19:24:22.437', '2026-05-07 19:24:22.437', NULL, 2, 2.0469210659979984, 3.541352842768372, 'Low', '2026-05-07 19:24:22.437'),
(12, '2026-05-07 19:25:18.804', '2026-05-07 19:25:18.804', NULL, 2, 0.9365499986199477, 2.4974899781951736, 'Low', '2026-05-07 19:25:18.804'),
(13, '2026-05-07 19:31:53.986', '2026-05-07 19:31:53.986', NULL, 2, 1.8361135849088366, 3.2105946415596174, 'Low', '2026-05-07 19:31:53.986'),
(14, '2026-05-07 19:32:15.497', '2026-05-07 19:32:15.497', NULL, 2, 1.2275166041840762, 2.8447623461084017, 'Low', '2026-05-07 19:32:15.497'),
(15, '2026-05-07 19:35:18.020', '2026-05-07 19:35:18.020', NULL, 2, 1.8474763082901675, 3.390125670984646, 'Low', '2026-05-07 19:35:18.020'),
(16, '2026-05-07 19:56:39.897', '2026-05-07 19:56:39.897', NULL, 2, 1.8440316823518328, 3.335700581158958, 'Low', '2026-05-07 19:56:39.897');

-- --------------------------------------------------------

--
-- Table structure for table `system_configs`
--

CREATE TABLE `system_configs` (
  `id` bigint UNSIGNED NOT NULL,
  `created_at` datetime(3) DEFAULT NULL,
  `updated_at` datetime(3) DEFAULT NULL,
  `deleted_at` datetime(3) DEFAULT NULL,
  `burnout_threshold_low` double DEFAULT '34',
  `burnout_threshold_medium` double DEFAULT '67',
  `psycho_threshold_low` double DEFAULT '34',
  `psycho_threshold_medium` double DEFAULT '67',
  `interference_weight` double DEFAULT '1',
  `early_warning_enabled` tinyint(1) DEFAULT '1',
  `early_warning_threshold` double DEFAULT '0.7',
  `maintenance_mode` tinyint(1) DEFAULT '0',
  `max_assessment_per_day` bigint DEFAULT '3',
  `ai_response_enabled` tinyint(1) DEFAULT '1',
  `notification_retention` bigint DEFAULT '30',
  `data_retention_days` bigint DEFAULT '365',
  `model_version` varchar(191) DEFAULT '1.0.0',
  `app_name` varchar(191) DEFAULT 'QC Analytics'
) ENGINE=InnoDB DEFAULT CHARSET=utf8mb4 COLLATE=utf8mb4_0900_ai_ci;

--
-- Dumping data for table `system_configs`
--

INSERT INTO `system_configs` (`id`, `created_at`, `updated_at`, `deleted_at`, `burnout_threshold_low`, `burnout_threshold_medium`, `psycho_threshold_low`, `psycho_threshold_medium`, `interference_weight`, `early_warning_enabled`, `early_warning_threshold`, `maintenance_mode`, `max_assessment_per_day`, `ai_response_enabled`, `notification_retention`, `data_retention_days`, `model_version`, `app_name`) VALUES
(1, '2026-05-07 16:58:23.877', '2026-05-07 17:04:58.823', NULL, 33, 67, 34, 67, 1, 1, 0.7, 0, 3, 1, 30, 365, '1.0.0', 'QC Analytics');

-- --------------------------------------------------------

--
-- Table structure for table `therapy_recommendations`
--

CREATE TABLE `therapy_recommendations` (
  `id` bigint UNSIGNED NOT NULL,
  `created_at` datetime(3) DEFAULT NULL,
  `updated_at` datetime(3) DEFAULT NULL,
  `deleted_at` datetime(3) DEFAULT NULL,
  `user_id` bigint UNSIGNED DEFAULT NULL,
  `prediction_id` bigint UNSIGNED DEFAULT NULL,
  `module_name` longtext,
  `status` varchar(191) DEFAULT 'pending'
) ENGINE=InnoDB DEFAULT CHARSET=utf8mb4 COLLATE=utf8mb4_0900_ai_ci;

--
-- Dumping data for table `therapy_recommendations`
--

INSERT INTO `therapy_recommendations` (`id`, `created_at`, `updated_at`, `deleted_at`, `user_id`, `prediction_id`, `module_name`, `status`) VALUES
(1, '2026-05-07 20:22:28.056', '2026-05-07 20:22:28.056', NULL, 2, 16, 'Admin merekomendasikan: Istirahat total selama 3 hari dan konsultasi psikolog. Jaga pola tidur dan kurangi beban kerja.', 'pending'),
(2, '2026-05-07 20:23:35.244', '2026-05-07 20:23:35.244', NULL, 2, 16, 'halo gnatenf', 'pending'),
(3, '2026-05-07 20:23:53.131', '2026-05-07 20:23:53.131', NULL, 2, 16, 'aloooo', 'pending'),
(4, '2026-05-07 20:27:14.821', '2026-05-07 20:27:14.821', NULL, 2, 16, 'pp', 'pending'),
(5, '2026-05-07 20:27:27.964', '2026-05-07 20:27:27.964', NULL, 2, 16, 'jahdiabsdjasfa', 'pending'),
(6, '2026-05-07 20:27:48.250', '2026-05-07 20:27:48.250', NULL, 2, 16, 'aloooo', 'pending'),
(7, '2026-05-07 20:28:00.569', '2026-05-07 20:28:00.569', NULL, 2, 16, 'Pertahankan kondisi saat ini. Tetap lakukan kuisioner harian untuk monitoring rutin.', 'pending'),
(8, '2026-05-07 20:28:11.724', '2026-05-07 20:28:11.724', NULL, 2, 16, 'nafii makan', 'pending'),
(9, '2026-05-07 20:28:19.033', '2026-05-07 20:28:19.033', NULL, 2, 16, 'a', 'pending');

-- --------------------------------------------------------

--
-- Table structure for table `users`
--

CREATE TABLE `users` (
  `id` bigint UNSIGNED NOT NULL,
  `created_at` datetime(3) DEFAULT NULL,
  `updated_at` datetime(3) DEFAULT NULL,
  `deleted_at` datetime(3) DEFAULT NULL,
  `username` varchar(191) DEFAULT NULL,
  `password_hash` longtext,
  `nama` longtext,
  `role` varchar(191) DEFAULT 'user',
  `bio` longtext,
  `profile_pic` longtext
) ENGINE=InnoDB DEFAULT CHARSET=utf8mb4 COLLATE=utf8mb4_0900_ai_ci;

--
-- Dumping data for table `users`
--

INSERT INTO `users` (`id`, `created_at`, `updated_at`, `deleted_at`, `username`, `password_hash`, `nama`, `role`, `bio`, `profile_pic`) VALUES
(1, NULL, NULL, NULL, 'admin', '$2b$12$DNAOctsma.SOQb.SKdyzHu6es3wS33zVk9iegoSOXigfCu3gnADzm', 'Administrator', 'admin', NULL, NULL);
INSERT INTO `users` (`id`, `created_at`, `updated_at`, `deleted_at`, `username`, `password_hash`, `nama`, `role`, `bio`, `profile_pic`) VALUES
(2, '2026-05-04 14:51:47.146', '2026-05-04 18:51:51.223', NULL, 'edwindoang831@gmail.com', 'google-oauth-dummy', 'Edwin Cuthbert\'s', 'user', 'asas', 'data:image/jpeg;base64,/9j/4AAQSkZJRgABAQAAAQABAAD/7QByUGhvdG9zaG9wIDMuMAA4QklNBAQAAAAAAFUcAVoAAxslRxwCAAACAAAcAnQAQcKpIEx1Y2lhcnRCZXJuYXJkIC0gaHR0cDovL3d3dy5yZWRidWJibGUuY29tL3Blb3BsZS9sdWNpYXJ0YmVybmFyAP/bAEMAAwICAwICAwMDAwQDAwQFCAUFBAQFCgcHBggMCgwMCwoLCw0OEhANDhEOCwsQFhARExQVFRUMDxcYFhQYEhQVFP/bAEMBAwQEBQQFCQUFCRQNCw0UFBQUFBQUFBQUFBQUFBQUFBQUFBQUFBQUFBQUFBQUFBQUFBQUFBQUFBQUFBQUFBQUFP/CABEIA+gC7gMBIgACEQEDEQH/xAAcAAEAAgMBAQEAAAAAAAAAAAAAAQIDBgcFBAj/xAAbAQEAAgMBAQAAAAAAAAAAAAAAAQYCBAUDB//aAAwDAQACEAMQAAAB/UAAAAAAAAAAAAAAAAAAAAAAAAAAAAAAAAAAAAAAAAAAAAAAAAAAAAAAAAAAAAAAAAAAAAAAAAAAAAAAAAAAAAAAAAAAAAAAAAAAAAAAAAAAAAAAAAAAAABEJRIEgAAAAAAAAAAAAAAAAAAAAAAAAAAAAAAAAAAAAAAAAAAAHlerquntW2f8v/oTndb3UT26+GQAAAAAAAAAAAAAAAAAAAAAAAAAAAAAAAAAAAAAAAAAACOfdB5Ly+ty/wB7wVcvf6i+ni3Z7H8/sOpzgAAAAAAAAAAAAAAAAAAAAAAAAAAAAAAAAAAAAAAAAAAK/n7vv5gr9owjjWx3Phn2++j+nZ870LT89kbPmAAAAAAAAAAAAAAAAAAAAAAAAAAAAAAAAAAAAAAAAAiYwnU+A9F53VL6lOn1Yi0G4d3/ACv2jqVvoSJsdRDOAAAAAAAAAAAAAAAAAAAAAAAAAAAAAAAAAAAAAAAAGDNz/Q3OQ/LFqp9GktjNUoVy44zfpH1uD93slBsOtygAAAAAAAAAAAAAAAAAAAAAAAAAAAAAAAAAAAAAABGKv5z6lxKs3GbRbl2JaJgiYhWLVyU7vwn1dvQ/Sk48lr+eh7YgAAAAAAAAAAAAAAAAAAAAAAAAAAAAAAAAAAAAAPnzco5u/ovkxasfQl4nzykQArExKtL0zntHQ/zn+i7BSLDtcIAAAAAAAAAAAAAAAAAAAAAAAAAAAAAAAAAAAABE4vHLyPzn7fhVW/TaJ1OpN62wiEwAVi1ZVrauc4/0R+eOqb3H60ibVRAygAAAAAAAAAAAAAAAAAAAAAAAAAAAAAAAAAAARjMcl2nhVdtNbLce1xZbGImUISIiRWt6yrS9c2PatW+/38f05aJt3zMPbEAAAAAAAAAAAAAAAAAAAAAAAAAAAAAAAAAAIR5Xo8C4/Y8n4bTWr3WbTjlEzMRVaIRFolCRWl65KVvXNTJj9r2w/SM1tcPmAe2IAAAAAAAAAAAAAAAAAAAAAAAAAAAAAAAAACs6Robes86m9R+hVm9vDYpNpiKLxCsXiVYulSLwY65K5TjreubH0bnn6O6PG9mS10QM4AAAAAAAAAAAAAAAAAAAAAAAAAAAAAAAAARNPHLy/wA/e7rlQvq6/O60Wm2EUZEMbIMcZImccZYMUZIlirlrlOKmXavby9rrVclt+fB0+eAAAAAAAAAAAAAAAAAAAAAAAAAAAAAAAAAEI53u359rlj+W1prlyiy2EJmcULTCq84xjjNCcLJEzijLCcNc27e/h43bbZrbRko6/KR8fJeX0+perzjo/p5yOnzwAAAAAAAAAAAAAAAAAAAAAAAAAAAAAAFbfHr+nOOfZ6UP6NSbtfZpNpiYmZxiLTbFE2nGKRlrE4oyRlOOMvWNrT8voa10opFd7TnUte5/VrVn836vr4do7Z7VbfQPmIbfiAAAAAAAAAAAAAAAAAAAAAAAAAAAAAABGg77xzg9vVrLVC7xF5xY14hEzMFptgiycYiLwnFXLvGx4exuK18+fofPta88o+TwqXdccZI4/dx7hqPUejzd5mJv/wA9D0gAAh5TI9YAAAAAAAAAAAAAAAAAAAAAAACET5HpanvlG54AV/PncuEU+2zMzwLIWnGKRdE0tMwWmcYJYoTkT6nY/N9S70aSvb5OPkHo6jSLnRZxe9WuSpj7lxjvtirci6VAABWfF1PbX/X4N1qvWroaJtdPCQAAAAAAAAAAAAAAAAAAAAACtvP1vXmnTfz93Cu2X3xa6qB4vEe38TpVyiy3D70pnGKrIVmyETM4olJG9ah2vtcTJZF5pkaVsnGqvYsC8VO3Ui9ZVi1ZnZOu826Vc6XIsfBAEYzXhHQOQ0+54t10zLzO9+lZpe/fLw98QAAAAAAAAAAAAAAAAAAAABEI5X0Hg9Xs8dg5FvvL63TZib1Qwzj4+D/oPhlPtXw3i1dshMwiZYoTMIkhCYhvu+/B6H0GgKz4Oz4aTrdnzj6DSMlcPXHXJScq1tDLpG8alt1/oAdjmAPl+jnHK6GgfDmx0X6Njx5sc+na9u432O6fPbDtccAAAAAAAAAAAAAAAAAAAABWdR0NrRdbpmov0OfY8m2D9B28D3r/APOZG74Ry7qOq8LrcssmkXeJlAlCJkEoivpefs/v4dOtE/SvnleY9K4lVrFVKq2ikXrM463rOVIvVl1LbdR276D8/Drc4Ri+Xg3SuZ0a7YMefHyLBhx5qZZ0/R35w6p2eD0VE3WihlAAAAAAAAAAAAAAAAAAACJr5T8vCNl06mXi965OT2JvF4w27qPAuz2Gr+wibbWWLLHjlxH5Oh8++eX+EtPbJAmEJkjcdP3He0OhzD6LQ9d5hv2hfP7rVMcrq1i0TOOuSrKkWJ6FvHNuk3qjyO9yFbYdfPkHgZK/NvpWKmamHvgx/Rjyz+f7/kx+j9JZNL3O/fM5HQ1AAAAAAAAAAAAAAAAAABEGle/w+t2L5skXq9wteLY4zeLY4z7fiWy8u8359v8AeaJYdbRxce7L4dc7PJ160y41mUISIkG1at6Wxr9gRP0egaHpm8aR8/u1Vo5/QrXJVlSuSInEyVZev17h3brTV8ouFZeL7Wr83c5TW9fnv0OlMlWWOmWrPBj+imWWf9AfnTo/b4PSlbXSkBnAAAAAAAAAAAAAAAAADDk5Vyej4XjRamX6bxfymbxbGJlbHGZiYi3UOX5drS7lbXNhvNJtWzc19P553HRKhZtJTNbsVVhWZkiZHVvY5n0u8UrWuc9f5BwO3EWcXs1WJpGSIY4yQnF1DmWz9LndKmtvodHaxs/i6O3x6t6/O/oVK3icscXhOOmWs5YIy488u4e5wfulyouUd7iBIAAAAAAAAAAAAAABWfB0/fyOTZK0m/zaL6m3N4tjjNotjE2i2OKUwWiUZOic5nZ0+5W59vl0p2Wsz0dPS9D7dr9VsPMX04KzY4WmJrMiOk84zbmn2Lme/wDzWSucsTNOt1VhEXgrF4TjvEJ7L9Ok7r9Cok4c1d7V4O9jyfmf0fHF64+tItEzSuSszjplpllh2/VKe/l+irc36Nd/n9h1NEAAAAAAAAAAAAABE08cvk4h6GvUy8TaL8vrzZfHFaL4wtFohK0QkiFotETMWiJ9jx5z8+uelxbb7LW98jHksvB+TQekxzd7is9K0Wo2fz5To7sSI+3p3Jft6XO97VOpaH6+XkrOP1qrRCsXiVItDLN17jW6drkbxEWvFS0HR+ycdotzx1vHJ7GOuSJnHGSrLHGSuU4qZazOHqPMabmr+iraLvF0odh0tMAAAAAAAAAAAAVwly32+U1S1zaLcGyzeL4xa0XxxWTjCUxCyYhMkJTEJmYiLEQEvt3bnjc0+2W5Judmru0VW7HL1fTetV4/U4zPQ9Urfd8eU6G7b2fFevkS8vSFkKxeDHGSGVJmInq/ocx6Ze6bPNel/FnHF4+r56LeKReIypXJVNIvE5Yq5K5TipmplOLpHOq7Wv8Aoi3KepXCj5ET1ucEgAAAAAAAABEHh/fw7gdz4oi1Uu02i+OM5IthjNkxEytERZMQlMRJZEWTjCUxACJTESEzEn3bhoTc0+x5uObT3uHvceb6Xb5PmavvkamzyGnWtdr3a0d6Pn8jqQmMMpiREWQpF4Tj3bSp2fHsk+P7F/pescz7lz+ud7Ta3iuWSkXqmtbwnHF65ZY6Za5ZYq5K5Tj2XXK+2Hf/AKuEdktdL9RE9zjBnAAAAAAAACk895m9resppV/m0X8vRki+OM2i+OKyYxWTBKYhKyEpjElCQgiQASJepnh5k7Z6e9o6DbqH2bmnyf2+jtzU1/35drlTEujrV8f2o0/fQfA6581e7HKW4axwOx80TGtswkmtMlWWXqXJvR6fP6rTHnu1S5H5XXOS0e5Y4tHP6NYmJyrW8MsdclZnFXLjynHXJTPLHlpXLLsmzfnXrtlqO3q2stbDOAAAAAAET8uvn5HEvQ86kX+bRbS6Fr1vjjazovtqazse7cj6XG8uU8LvJi0ErISmMUpISiAAD3906PP5/tG4zYOH8H3WdrlQlseYZwAAAABGPK8M9Z1PqMcHqcfbxqNY7/yRaNTbrW9WXr9J4/7XZ5PSuddB8nucflVclKXc6Res5Vi0JpFoZY65K5ThrlplljpkrlljTGU9e23869ostQ2RE2athkAAAAEYo5XuPE6raptE1+0zkraMb/b9vWt/k+bsM6jYKvrmtRanXJKfL1SlCyYxSlCUwhIqvuOxr670D18lsrETLu8kPWAAAAAAAAAAIxZmvnpWp9f8ys9zmD7/AIazYKVvGHp7PReP+j2OX5uDNTk9fFF6xlSL1nKtb1TSLxOW8a/7XRbHWvz7TqfMuV3cFMldbdp9fy1zd89HiPa7hRMg7fICQAADFk53zN7SPKi1I+iTat8JtstOw9ThMyLdTfk41s2qUu4pTyeqlKErISshMTEEhmzdP6PO+D3Zm7VIN7XCQAiEq49fPK8f4OTubM0rDy9vemiPPLfJ0XLnjuk6p9O74bFPk+j1tTKrO74SPSAESxYOf9Grxuhx2Ns1OlWyImPDYrW8TOOuSqccXqypXJWcq1tDLJ2zh3Ru1xNx8v1VuqvDPL75ySo3LXK3rzO1j6Jzyuxrfo62v+/efnkjd8AABXCfm/P+76BSrzNq25Xbt6vndy3eX930pvFCjzPS5tzd7U5i1EvKUsUrISsiJmYxJD7MPUujz7fem9U8NvyAAFPLKfl8rwKp1/V8lNX60TM+GcTMzESmESlELCqYPT9jVI6mpvU6psdt5H0ont6QZwEK6JvuLkb3HXt+JRbjES8vWtbxM465KpxxerLHF6s6ez470x7tbz/Q+kfO4xZozx45rP6E4vTbp4FcleX3PT7r+dOk9ngdHVtcaYGcAPl+nmvL6HOqVtRfo83r6c4b10KmW8/ORHT0fn4v0Tm9FuCU8TtJSxWWQtFkCYxhO0e/j7+wxb6BSg6GsAAKeWTV58ui96szPA6ULERMyiFiImREyRCRCUK1yQnHZVO0eloey23keyra38cM4RKHzc06n8XA6nJo+n56VbqxaIyrW9ZmtMlYyx1vDPHF4ZdD3LlnUrtS7CwcePh++Nb14J5/ZuN0a+471rq9D9Bfby7p92+fWHW5wiFPzx1fjtMutpi3Dsc9W5j+g+xXssl2pCJjzy5lrP1fL81+hST4esytMTK0YpSxJTH0dW1rbbdV5Fn4gSAEQjw/S1CodeqypdmJmUVmZREyREzJWZkrMkQkQlCsXhNK3iJx1vVntfo6Nud34WcWflhJEsZ1znfZeXUuy+UmK/3oraCtbVZUi0M6RaIyz9r4X2Wx170RdKqBXlHWfM43T4NXNipd/t3/APPnS+vxOiIm6UlW3yeOfItRy4/nv06bVv4e+6db0jeLpQJHd4r5/o8fS9+RTFvmn0SZTOM2i7FZZgSQ+r5du2dbc8sT9HpAe+AACs+bz/fx/h+r1KH3fCz7P9HV1dcze86mr40+xOx5+Li9555az8m4V5uxqDYfM4m58Kzn7FZlCIslRaImtbxE465KM6ev5Me+O92+X6vplWDb8wI1/Yac/Y43H2/H87vMRMY51reE0resZ0WqmOncx37q8zdUT9BpISVtHnPJdO7Dx+i32vqeZXU6X6Mt4vtX75rGm7lyfQ6WhTFqT9Bm0TjHd/a+P7Povy8N3XeF7vic3b5NaLfOPoEytOK8XYTMWnAkiOqc96jY+DYXOthIACPk+xqelLS9cQ9sQAAAIizyy+Hw9ppX97U33/DTutCY8c4i0FYvWMqVvVlSt6Rn7Ww6Tut04lhauUAiWE6JqnR+cfP7hETHM6URMRNazDOK2qyruulbj0NHoMxP0WiBkA+b8/8A6I4RUrV5kWjgWjo/Q+N9jt1IcE7p+btDp5bVvW7XZKI/ROb5vp+lfKw2PN5/oRq+vDckvl/0WZSwm8TljMpYJJjat41/YL3UJHc5oAAABDCZQxmUJiUTlAZAAEShTwtgx8Xb1R9fy0PtxFo88oraImlb1jKlMlIzpuOn7H29P2UT9CroSAwcg7JyynWLzRWrBWLQypW9YyrW9WVdw1Ddt/R3qYn6NRgygCvFO18VrVj8GLVrFu+/vf5z/RFhrGv8L7JxvR6eTJjycfuXtXJjh3n0dX2j6H80Doaito8p5b4m+6H84vc2To7U2rbLG0xLFMJx6j6WLL9LoobniAARXxynH5Xl1fpe18nnuHu/U+Vren2Z/MemPr/X5Xu2DQyzE2zmBnAACJQ+bW9r8aodTzExVOnEWqmtb1jLHW9Izp73he70fD3ZifpVZDIBXmvS+fVrs63BTrTEWqyrFoia1tVnG/aF1Lrcr3R9ApgSAjhXbuAVO01ratftGL9B/nz9CduvarxzuPDdbfy3xZOP3MmTHePPpPQuM9luNFsLFwgPk5F2bn1QsOsTE1Sy2mtpxuJwnJjy5YdcmJ+oUMPbEBE4/DKmux81B7szDk7dkSgEPSe5YNCLSuvID2xAAAAfJ9ddL11Rlw/M7AraMcq1tWM60vSM6bFrm49rT+qT6FXgkBGg79z+u9fWomKXa1ZhMRMRlWLVZW7LzPqNordhb64Aia+c6zx/ddLo17pFq6PVfojh3crFVvl/N36b4D5e/j3xZK3bsuTDkx8s3fOBdF7HA6KibzRwziPk+yur6ccx71ovzq8WtW2rsWE4TMTOPXr/ABfb9NoobXkBXxPX1Co9WZpNR61lUxaaTK31/Fs3R1vrvE/QuAHviAAAAAiY858D4fS8v5rYLRDS94rakZVpekZ/Ztfw/ffODIsOgABXmvSuUVXu/CRU7MiYTETCYrbIne9swfR9DogdPUAfN9HPuXvaBhtWj/Qa1tEzvHUdb2S50NzHp/mZ4fne9VD+m5r4r44Z/t+DJl4foD6uYdNvXzyw6/OApzPp3ycHp8jv9PyUa35ESiUSjovuaPvF7qEjuc5ExhPk676nkfOLJeaTzti6qYsrMvu2jyPYuvDkWTngAAAAAImPOfE8r0fN+bWKYiNH3mIiJj2MewWLQmxduIHpAAjF8fJN80SiW2Bx+tETESiYTG56l13scnPYvdRDOETTxy+Hifv6zSbvFL15/Wr63k9W3NHcbRN6oCtmccn55+kfz/Sb58N8V+N382XBkeefrvIPq3OZ363h+3eaDI3fBEsXncx695db7PL7ZsFPtEyRH2dT5F0Pv8T3UTd60iYwnU/N9Ly/mVqvNGt65FImMk40xuP3YM/0qrhveIAAAAACtvn1PTXvmvX5lZK1tmT83t/b9ln5ixbOWHriAArPhaGxpPlnz28EPP0QQiGxevnsG0xa/wBJDpaor5S519PPKpaYhHDscVtaZ9jtPkexb6PI7nJAjWtmrpbH5pdp4xR/os5MVtHez5fnyvL0ewcS+zocnvU67sF1o9hva6JYvP5x1b56/wBbks+34lPs9vY8e8R1u3h+39DpcxMb3hrPhbbqPzqzWmrmbdkRlFkDfM/zfT9NqYbfkAAAAAIxR4voeBUOpjn0/V52z5frWtbOXEnU1gyAACvnMcu2LSKXaJhHD7RERNqvpmM3VPn9C51JJYOSh8mv6fTznyteqlqiJjj92K2rM16f4HVO5Xli2VUM4AArq21xo7P5ywfoLjVOvXi5MN+X18+X58k+P19E5rfZ0O/zybpdup33onscxEsopq22V5m3yOelaNTLNTpHK9k9/Dd1bXurY9C6B4Fb6mtKTTu/ZWcom1UxuPp6xs98rcjt6IAAAACtmE/D9OSdH1rY3vIM4AAAFcJeFm5rWe3jpMVSzomqR6WUfN0+/oW2qpVsHImPg53yuhtfNvmisWqINXdiJqyjZadZ63GvkTb6eHtiAAABFMjxy5jzr9I65WLTxTJ9nn120/Rk+bJEfR9fwXnx6XufBPa7Vf7JOubDZ61ZE7uvFMjyy1DVurfHWO34uzaR72fn7dLLHydI87oWi0Ox/PNJ5O/kVmccu96B7fZ5+1q2vddD0gAAAAAAAAAAinhlbX/I1CrWC+NFbsCswzRfd9nX8TouebfVCNX29fZNG1H4K3ZcuJHK7E1RGSJrMto9ff8As8GuRNrqoe2IAAAAACJYsHMuqV5fR/ON+38nq9w8u+G+lv5snz3jD6Ni1jJn49n9Xg209yu9RnyvTsXAtCdnxrjzPHOJPbCMH0R4Z6H5/SNXplh8Kcc8Po5IqRtvuc22SzcfZ2O9r4sj3xAAAAAACBFfLK0eFp/F6e4aN58VmwkRpbs1fblHw+3teydzi+d6T4bBwvu8nSdS5PZ93wocOwTEV8/W1YTMxX3c8PL6d7HpWOrRYsHCD0gAAAAAAAACK3eOWg83/Qvw8Hv8Ett+m1+z5b4bePr9GT5ssYZ9s0+/rrdn9Dhe6d2v9CfL9Nh4UjY8wFbPOfL1XfY4XR5nO6azWO18LHOht/fsult7V6bbm/sd/lbhPg+p2dD6lW14WQySiIWV+Tzz+xr3i87d3rz+defyOjumtfA5HVVV1dqYe764eD9297B2eRq+z2xd3iZfn07RdHpbppGNwrChHhsTWKsrViEzb0uo7vP1zfptaqjEnS0gkAAAAAAAAAAAEK+BsMafvxHxP0Pplcs/LsmT5+P3foyfPlxxyzjsx+zdufW2NPuOXi2+WCvbcpbuceR7YgRFnll5vhbfHK3ObfP1DzOH09CjaPJ5e/5lcmDU2b5vlx5vRv5Eez1MXnRE5MdY8va0VuRX0vW2fDVp6B7u/pc32Pb57HL+P65jqc1XXOe83p73zz4XAskonW2yITakViUV2j1w1voG3en3a3TJKwV8PfAAAAAAAAAAAAAAABEsZ+XnvTK8ze/Ps9s5xW7Tr1sF+f0c047RjknHKPX3vl9tvR7nbkXQLDXfeVns8qR6wAEIizzmnxeg8fTwfk2lqbOo4tyefpqE7dMxq/1+69fPz/tu2tesy9cIlGUTX5uf8ze3PnWvK3ZyGj0iILRWGVq1+uXyeru+69bh63s0zY61Em7rBIAAAAAAAAAAAAAAAAACIs8p1rnHa68fr/n+3UubV6zYbYLam3mnFaMck0lGyb7x9vc7u88w3+x1v0VbdbnhnAAAAAAACHm6vr6On6jr1bsn0/PDj96VYibRWqbRUm19w6H0eTpG+57WKsxJ0tIMoAAAAAAAAAAAAAAAAAAAAAAjDneGfPOf/oHz+B3uG22TVOFZfpn57eWf0TgsjNk+eYjoW8cF9fr8Ts0+L7FmrNhueIAAAArhM18/l/I6e186wq3apRGvtzEVTetSZj0umbejonTfWmw1eLHW5YekAAAAAAAAAAAAAAAAAAAAAAAAAIlCup7dGjs/n/5e/cqrNt1i2C3P62e/z3xjOx2jHNvnPp99bveTjPUbLVPWVt2eWGcAIjy9T29PSNU8CuWXLihyO7MVqytFYTaK7Dnh4nQdx9Lu1mmSXer4e+IAAAAAAAAAAAAAAAAAAAAAAAAAAAAERZ5ZaHzH9EeTwO/wm3q+PwbTmyYL+c5ppLG2bAR0zdPz/s3Y4PXJ+H7LJWpr5vLed0Nr55iVy1IR4bSqkzNVWU39Lrm7ztb32bWWoRJ0dMJAAAAAAAAAAAAAAAAAAAAAAAAAAAAAAAIlDBzDq1eX0Pzlk61yis3GL4bau1lUmIuqR6G2aJHvrZccR47NorCbViszNYtM03X3t67FewfRKyVcPfAAAAAAAAAAAAAAAAAAAAAAAAAAAAAAAAAAACPL9WNX14Z436I5bWbbpc4Z5nayziQysQyxjiWSMcF612P0w8/r3p/bYajFjt8UM4AAAAAAAAAAAAAAAAAAAAAAAAAAAAAAAAAAAAAVs850vlH6K8bg9/g0el5PCteRRGeRQXiOue+p4PVJtZaXEnT0AkAAAAAAAAAAAAAAAAAAAAAAAAAAAAAAAAAAAAAAAiWL4+Mdyx8nqfmt0Hntdudrz2bPxxbitaKQG/qgAAAAAAAAAAAAAAAAAAAAAAAAAAAAAAAAAAAAAAAAABCuib7Glt69sEzn5ht+AAAAAAAAAAAAAAAAAAAAAAAAAAAAAAAAAAAAAAAAAAAAAAAAAAAAAAAAAAAAAAAAAAAAAAAAAAAAAAAAAAAAAAAAAAAAAAAAAAAAAAAAAAAAAAAAAAAAAAAAAAAAAAAAAAAAAAAAAAAAAAAAAAAAAAAAAAAAAAAAAAH/xAAyEAABBAAGAQMDAgYDAQEAAAAEAQIDBQAGEBEgMBMSFEAhUGAVMSIjMjM1QRYkNJAl/9oACAEBAAEFAv8A4w2Zag19Hdx3EH45md3pohSpQp6i0jtg/wAbzrMjKrFLbOqDIJ2ERfjWen/x6ZSuUEl/GVxmedZ7vXK9z+oifjEkiRRzTqVNqGW8EoE2KwF/F8zmqFT8cs3P6WV+L50OWUzllS6QyBPxWWVsMZZbziuUMzxpqywZZh/imcT2wV/Rlq5/TS/xNVxc2K2lj0LjK9p7+u/Es3WXs69OqpsVqj2qip+ISysgit7D9UsOvJtl7gH8Qzjb79uXzvYW34fcWKVde+R0r+xfrjLpvvqj8Nc5GNurZ1uZ3ZFJbhPw3N9yrn9+VZEjvU/DMx3f6UP9XL31snhsvwuxsI6wQ46ayK+AOnqJ/wB/hL3oxt7brbGfBoYFIuk/Cs2XHlk02xtjbuySCshafhOZrla8dExtjbXbtaxz3VNe2sB/CLOwZWBkESmT7abc9unKNOrpE/CFXbF7bLal7dG2m2m2m2m2mX6RbQhERE/CM12qwx7de3OmopLV0EEY8XCOyHmM/AyymBDzTPJm6tudJl1TMRxtiZqUXCHFb5nmMxkqBGB/gebTldLjbG3Rty23Wmy3414W2YYq/Bpk58q/RKcZBaz8CJJYIPJI6eTbG3VtwRquWjo0ATVV2S5zGsuNsbYBG92d+B5tK9A2NtduyhpvZs1llZDHb3r7DG2uVRvLYp+B5jL9zZd+XqjyrrNMweK2tpLOThlMfxhfgX+5pPPN3VNb+okom2skjY2W9q6yl4L9EqoFHrujMl9+nMy+U8yo+5Wh7awGNyPbwsZPEAid0cbpX1wSAC63tv7x23EZnkJ/3ztbJlWJI90smS5UWv8AuWcDvNKG71icLn/FaJ2ZaA3VNcw2fhZtyy7B5rROi9s/1Q3GUJ1jtE+4mlNCFke6eWid6qjhcfWr7RRnFkRxtiZoea0EZ7nSO5ZUi3ITnme0USDbSCdwpCKjvuOa7DzTpjLE/lq+BcfmFT9uzLAuE1vD/eE88qN2F5ETsGhMJeaVrlcr3NR9vsjUrwlc6R6YylLsQnD/AGbEkJqda/RAYGjCaXJntAujLLdq3lmmxXjlEtILBPt+YbH35qaVM3t7HjmUfxnddbCk5+t+R5j+jLP+M4kTtGgmkdNLwZI6GQedpMP23MNr7AZqYTTbFKX7uv4ZhGSYDry7F67BNJHpExVVy9GWV/8AzeOaClZByygd5IPthJLBBzDJLAlMJrlsxYS+Dmo9pYyhk9WWf/TpeyKyt6crO/6/G7n9xZcq41a41qoqfa8yWilEphMJwrT22A3DMYXrj6ss/wDp0zK7+T05XcqFJwkd6Wb+pNdsbaKmMsWClg/asx26hRJhMJxqbD9OJRd01exHtODUEnpy5J6TU0zL/X000/t7JOFvJ4qzoAMdXmRyNkZ9osT2VwpE8hUyck0oLXbja1/vx1RWr0V0yDnaZkb1Ru8cjJElbrmL/F89sbYyrZqv2iSRsbLazdaE6J0Utn7yLhcVHuOqqJ90DjMDUUDltwoZ0mr9cwpvV89sbYa50b6ixSyD+zZkt2lO62PdG+qtWns4XNQu/RSGoKTgyD3AvVl4nwlprbs9dZ07Yq7F9YUx6Pb9kzHaqHCnBOlj3RuqrtCeNnSI9OimsPdQ4uRPbGdMUroJYJknh0lb649tk6sv3PsXft9jt7RtWM+R00nfV3niRjke3Wxp4zcTjyDS8oZXwSCFsMhsw/ei9WXSv4U1tIfBYdW2Mt3Cqv2EoqMKCwOfZFfBr7KQB4R8RzdSBoimHUko68gy3hSilMLiu6/xu6R5lGnikbLHpmUdEXsor33X2BVxd2i2RWE+EyR0TgswenDXI5uptPCXgsCYJeIpcgco5cFjFYAOBl6cvF4TQ4X3gipsvZRXvuvn5jufO74wpkobw76KbCL9NNsF0UU2CgZg+LHujcZaONH6WuVjgi2mj6XwXgJ7afMfrX5mYrj2sacE+KIfOHgS+hmwi7pptgmjgmwRVEj99Uf7KZF0KFYZBPC4eXs2xTZgUXCLunybexStDc90j9U+QMbMIouYI3pHKyVupNcOVgihkjw+N0buyjsPU1NLqt93F3U94+twORGVD8coqMOA46SwJ+dFK+B41+9uB7AcnXbEsLJkIoY3JPXzjdbXKx1dYNPi0vKvxu7q6ymrJgD4rGD4qrti8t1spuCfNRqriCwMhWC19bU4E1Y5OCKSaJHNVq9A5DxZhSWFwYc1HNsQHAT90E8gstNdss2/EzNbehvJPjw1pM7YMvSOxHl+BuG1YrUYNFHp9eiceMhCKL6TDyDrzAOeDLFK2aPFiCh46psvc1VY6ju0sW/CuLRtYLurl4JpX085+LKoCBC+ELXTl4Hy6xMDhQip8BzUchNJDIhQMwjuVbYqDIx6Pbi+D8RHeiqx1HeJYt+AROwaGxOdYmJxRN1rMuNaksrB4rE91iR8ASlIJwNUjDfHKo2PxONIM7jWWShPY9JG2w3ugfgMe6J9NbNsx+/M1qhD+IospktXTR1yYu7L3k3eHXzHKFVQht+S+NsjTaT0tVFavCts3AuarZ45I1hf01VIKWCfRkApxCLeCSCbGeN23lp+mC6ppW1U1k8MGICLGYLBIYO5EVy19FvhrUanzDQIzWlBShu4C2E4TVX1L05ZKSObFllyKdssbon8KS0/TC2uRydb3oxtnYOsy+FPTvsnxRNhjwUUwOCaZxE3bDC8iSuqmA/A3xv3yRtlZY1bg++GVw8sMqTxYProbGM+umrpeGV7XszXYeiPhT077KSONsTNMwnecjtEEkMlDDjCi63PazD7KJMPs3rh5EsmPUq6oqphJpG4adM3DbJ2GWETsNcjuu0qfH35aK9Y2hI0ZcNrTSVq6/stNZJZB9JM7RhyCHFkaJivAksSB4GDQ6WJfshP3XsEEeZKIJGHF1TEMgSaxe/H79iKrVjsJGYhLjm6rit8K9tOUgh+r42yMuaZ1c/WqPWtNY9r29Ga7H1y6xsdI6sr2Vo2uYi/KT2RROnkCEaFB1EWOFVVX4EBz4sRTNmbzc1HJZ16hSdn7KET7wXV8bZGW1Y6tI1ypZbtTmROwaGSV08muV61EjTWaVIIZZXES9lTXezj6VXBhnm+Ix7onCmNnTnNCyeM8FwMvZlohZBuBgkZo5oUoE+kMzxpRCWlj8s3H/TWuCdYFsYjG65in8YXZS16Tv6jC/Mvxf2wGZ5egoZpcE8Dhpeugn8NgnG8rP1IbbXKZ3olTi5yNQspxpOuVQUiF4ZilV5/WPApE8MLII+mwI2+R+yiE+4ZzuQ/cD9Y0vgJ5Zlr/bE6RyOgkGIYXBwzSYg9dqPA4mdjGxs1/wBlTe4K66ET0RdJE3hj/f5MUixSRyJIznZCezL6tt8ASeUHieIhwb2Kx2mUS/VFwzQahVlrlUby2CcJpPFEmqdAw6lTsYjG9Jc3mk0bBI/CV8myVq4/Tm4/Tm4/Tkwte7Dg5W4Vqp8CuI9Lk53Q3nE66CT11vLMwXgN0qzFAO1InQaCWZxE2uU4vRX8LZ3preCc8vj7uTpMm8cUY8kuI65ExHAyPo2wrfVh4UbsSivj7v2WCXzRcy4PbE9WWF/kcsxi+4rNaiZSKzTNJaj1nCni8VXwuv8AGdYMPgE6VHa6XbulGZLiSF0S9lbL9U538Hpl6ssL/FynhQiHZW65Rm/l6ZvLSQrVfo0RvoF4XH+M4pxro/Kb8pU3QgZYuyGTxTc7mHyg9WWf7/OxZ47DTLc/htU0uyGk22iYd/TH/RwOj8wadVBHvMnzCR/H2Cu9cHKVnkj/AG6ss/3+d23022ldN7ewxPJ4YW/Xg7+kdd4OH+3s9Emic6WLxhdu+N+5U3xPD4XdVa7eHnYtRp3Tlln153i+q2039OGO9bcwy+Gm0TWvXcHjdxeOy6a9njC6nPRiOOamHGvXHupce6lwhcqYQ92EPxCS2ZeqWNJWKmy9NX+3O4Z6LDpy0n/X52bvXY6O/pEX1C5tXanTVNMuzeWp45jgRYOhU3RielvQq4lOwrldzHGWXDGIxOsyPZ3TV/tzvk2N6aaHw13KaVIIlVXLo7+kZNhs3JvTphNUxlKZPRxIhSeB8boX84/7nRJIkbZiHTLzHF9eETtnZ64umtbtDzzB/wCroZG6V8Mfii5ZhKQet1azyPRPTjMkXlpU0TRMZfnSC1TlfCeMjnF/d5qu2J5lmfzFH9fwJU9MnQOzxw879f8AudFLAs1gnPMxnmK1povPapgqLzDN/bCaJhF2wKS0sfiTAhI8kboZOW/pwi78zpvrzHi8siJ8AxNpuYcPlm6Lh/qsejL4vjH5TSpBDJK6eTXKY/rJTS7FQO1wmEwmExlU36JyvAPIzCchJPKNxkf42K71LzGi8UXwDv6uYkHhi6DZPKZzjidNLDE2CLlmg36cKAT2tZpnINNtEwmEwMQ8WeCdhMPFU3xaAexm5U8qSA8bCT0xcxY/LL8E/wDq5Aj9JcvhG6MvCfVORpbQhZpnkS61InvbDWwDQ8NzXRvTCYTCYTGWrNIX8iB2EwliPDmwnChl2mTjZO/m86+PZnwTv73EUTyYTpv5/RBzghcRNBC0eLiq4vLL35PDLdcoo3DNlUrJcJhMJhNKK1Q6DkYIw2EiB4s3AWXwkpxsF/7PMRvpH+DO71TcBgtuuyJQsvnRg+CHlf3Hr401d+oGfvxIgYTBYV8lYSmEwmEwmIJnwSVlmyyh5GgRnMJGeJLwqSfcC8LL/wBPHfSH+38CV/jj1jgfLiAZsKdVsX7UXnTAe6n5XV36eLGOkfWVzK0bleVDbUZ7HRPwmEwmEwKTIJNW2cdlFyLEjMiLDkCk1rCfbFcLVv8AHzi/t/AMk3dhGq5YgcNajU67Iv3hXIENxpEMLYI+G+Le+8vLL9R7dnReUTbNj2OifomEwmB55Bpaq3jsW8poWTssKtwi6JirK9wPrZR+sbnAu8PfNN4m/V6xhLhjEYnZenIjOQ47ypQw2BQ8CCYxYrG5mOXjQ1HvH9VzRR2iEjShzYTCYTCYje6N9XmHzO5n0zXorVY5MCkKNPHI2Rmjk9SSxrDJyr3eoXvUZrntYjE7bOxQKNVVy8Rh3lTAgsBi4WF9EIpBMhUnGmp1sHMajG9ZwENhDaU09W/CYTCYTSuvJg1FMhMZyMCjMaWBKGqYqTfC7WzG9beVVJs9Pm2FiwFkkrpn8QgJTnhhRhRalmwhMsbyYpeVVTSWKxRMhj7VTdLTKq7/ALKmEwmN8Jged40tfmNkmGu9ScVbuhlNhzVY6pP8iamiqPJxjesb43pIz5dlatDR73Sv419RIZiGFkEej5GxtPzHh8jpX8qikccrGIxvwLSjgs8HV09bKmN8IuEXCLhFwDakA4BuxzOZAsRSTVEw6gH+51kjbKwkdwz+NaT6HfJc5GodeKvJjHSOr6LxrqffQitLNmOfzq8uJt8OWJs0dnlZ8WP96IuEXG+gF0QHgOzHO5rG1XayRtlYWG4VeIB3lT45lvCLgs6U13EKonMwJXwhJofZQ17Trkg7oHHkLlqqNgPx7OohtGWNSRVu0TRFwi6BX84+A7CA5OlzUchlZ6OQlp9Gu9SfC3wVcDj4KtZyuQwUxihUcQ2pRsITTcxTT9NZUy2ShAwgRfIVN0sMrRy4lhkGk1RcIuEwi7KFmGaHAh0JrekkGMnBAMo+N+A5kg+ILSKREXfvnPgHxPmBMTnkEJxGCnLwJQRRYRNkxPPGPGdmTfD3ukdzRFc6qy7thE2T5ZQcJsdjlqUbgmEXVrlY4DMTkxBOwiPo2wRWxT4nAmH4xTvhWO5kRWW8DsMnjeiLvpvpvjfCrtiQuGLD7wVuJcwSric+cheP+xaUidRqMaBUT6YkkbE03MrW4nIlJfw3xvrX1s1k+tqYa1Pn2FKNYYsacitTRFwnCCeQZ4WY2uxHI2VnTMDDPiWmeiyQSRLx9bm4Q4lMfqRSY/Vi0wtqWuFsCVw57n80RVUaqJJQfLzEQcWIVmirsh2YYBlJMmMd0Ma6R9fljZWMaxv2HbFhlmEhSRZQ5EwmN+IpkocgeYYZsIv06pK4eTD6TElYQzD2OjXG+F5b43w1rn4bWlPxFl6Z2IaAdmIBohuJ97AHgyzIP6q6gnOwFXwV7Pss48ZMZ2VnNVzXRvRcb8g7GcFQr2Ans2wrfUjgYH4dTjOwtDEuP+Psw7L2P+Osx/x2PDcvjJhlMGzDQR2YRPSm3I2zHAwfdznN6QasmxwBQDhfaja0c9p+XiA8b43xvw30CtSAlCt4DG/KIJiFjsMxvmTfdeO+owkxjwMsxxYa1Gp9ssKMc9Tqgmvwi43xvyDvCBcBWg53yD8xRDOIIkKl6I43zPrssL6oYWDx/cD8uDk4KCnBdvjfG/ILME4+AzYjY/hmnwgR2V1LYdKfVQMsSzYFDhCj+5yRMlYfldFV7XRP3xvjfG+N9WSOjfXZj9Stcjk+BY5kjiSWZ87+ivoiTsV9ZBWs+7mAwHMssvTBY3xvjfG+N8b619nLXPr7SGxb2mHwAMsbqc/pBriLF1dQQBN+92mX4jlKFlCm3xvjfG+N9WuVjqzMWGuRzeqyzI2FZZXTSa78I2PlfXZX2w1qMb99JFiLitMvTBLvjfG+N8b431r7aauUCwhsIuZtjBXtsriawXoq6WazwABDXRfgNtlppKyxPgk0ReMM8g76vMLZ+KrslnmRseJZXzyc2MdK+oy2kWET8EPrB7JlnVy1cvRV3koCClxGRYOsIa+KyuJrLprquezfW1UNZH+DSRNlZc5ccPhF6BTJgpJc0veO+R0j+ioy28tsMLB4/wAJt6CM7E0Mg0nVvrvoxjpX1OWmjfhp9fDYw2NTPWO3xvrvjfG+u+N9N8AATWU1XTw1bPw57Ee21yy+DG+N8b43xvjfG+N8b430qqOeyUQSIKH8RuMvMOUiCQSbfG+N8b8abLbp8ImyfidlVw2cNhWz1snFPqtFQIGn4sSNGXDcUUtW7VjXSOoqFK5v4w5iPbd5Z9u1MRRPnlpKJlY38bt8sMMfU00NXH/8Yf/EADkRAAEDAgQDBAcIAgMBAAAAAAECAwQAEQUSITEQEyAiMkFRFDBQYZGx8CMzQEJxgaHRNFJDcMFi/9oACAEDAQE/Af8AqOKnO6lJ8SKxGByDnR3fl7OwxOaSiloS4koVsamRTGcKPh7NwVvtqX5cJkYSm8vj4UtBQbH2WNawxrlRwT468cViXHPR+/8AdEW9lRWS+4EDxoAJFhx30qfF9Gct4eHsrCI+VJfPjt0zY3pLWUbjalC3siHGMhwIH0KQkISEp2HVirHKeuNla/37HSL1Aieit9rvH6t14q1nj5vL2MNawqFf7de3h/fqH052lJ8waO/sXD4Zkr17o3pICRlT6hxWRBV5Ud/YkdhT6whO5qOwmO2G0+pxR/lM5Buqj7DSL1h0P0ZvMrvH6t6l1xLKCtewqZJVJcKz7EwmLzF81Ww+fqXn0R0Z3DU2cuUrXbwFb1EguyT2Rp51NaSw6W0eHsFCSo2FRmRHaDY9RKloiozK38qkynJC8y6AvULCr9t/4f3XZaR7hTqytZUfH2DhTWd8Hy19Q++mO2XF1IkLfWVq3pKSo1Aw4M/aO975cMRc5cZXv0+v2o79Fj+KLRCM/hxwVPZWv9Ou9qxCX6Q5psNqAvWGweUOa4O18uONOWShH79DTanFBKd6mwUR4em4Op/EtpKlWFYjHDEVtA8P/eOD/cq/XrxSTy0cpO5+Vb1hcTmK5q9h8+jF15pFvK398RrWDxMo9IV+1SGueypvzpW/4jCI11c4+HzrE0Z4x92tHhgy+8jrmvc51SqYbLqwlPjTTaWUBtPh0YibyV/rxhRzIdCPq1JASMo4YoxyZCvfr8fw8dlTywhO5pttLKA2nYUtIWkpPjTzZbWUnw4Ya7y3x79OqQvIytXuo71hDV1Fzy6Z/wDkL/XgKwhnI0XD48cZY5jIdH5fkfwwF6wyJyG+Yrc/LjisfXnDx34JNjUV/ntBfj0zv8ZdeNYYnLHv59OKJyyFcEC5ptHLQEDwoUKUkLSUq2NSWSw4UK8PwuGQ+armLHZH8nocQlxJQrY1KjqYXlPDD5XJXZWx6ZCOYypPuo71A/xk/Xj04wjtJXwhpzPoHvHQKxaLzUc5O4+VEW/Bw4qpDmUfvSEJbSEI2HTKjJkoynenmVNKKVb0DasPm/8AE4f06ZzHJdNtqwtd2iny434Yg3zWD7taNQzlfQfeOrEYfo7nZ7p2/r8Ey0p1QSneosZMVvIN+uRHRITZVSIq2FWVQNqh4hl7Du3nQIIuOMqOJCMvjUR0xnrL/Q9O+hqUzyXCikGxpC86Qrz6XmkPoLa9qlRlR15FfgEi9YfD9HTnX3j/AB6laEuJyqGlScMUnVrUVYpqNMcY22piY2/oN+MuIJAzDvVCfP3DveHTiTHMRzBuPlWxrDHs7OTxHVJjIlIyqqRHWwvIv1wF6wuF/wA7n7f36x6K0/3hrT+HON6p1FaimMRcb0VqKamNO7Gx4KbSpQURqOqbG5C9NvCoUj0dzN4eNAgi46n47clOVdSoi4yrK9bh0L0hWZXdHr3orT3eGtPYYsat60pC2zY01Mda0BprEW1d/SkqSoXSel9kPoyGnG1NKsresNl/8K/2/rrcaQ8nIsaVNgKjG41TVreqix1SHAhNNNpZQEI29cpaUC6jalT2E+NKxRHgml4ileikU4tCu6LcEPKbN0mmcSVs5rTUht7uniKmReem6e8KsUGoUn0hvXcdehFjWIYdyvtWu78qIt6hCSo2FQYoit69478X5DcdOZdMPPzXc3dQPUvTmmtNzTuJOr7ulKcUo3NX6woimZ7iNDrTMlt7unjNh837RG/zqE7yHhf9PU4jA5X2rfd+XqMJiX+3V+3GZPTH7KdVUnmTHdTqaaaSygIT1vPoYF1mpM9bug0FE39YFEVGxAjsu60lQULp4SoXO7beiqHv6Xpb8SQoE3FRpTckXRwIChlNT4ZjOWGx26okcyHAgUlCW0hCdhwnz+R9m33vlVyo1h0blN5zufl1ypaY4sNTTrynVZlHXpCCaRDcV4UMP8zXoA/2owPfRguClsqRuKt0RpSmDpTLqXk5k9eKs52w4PCkOKbVcHWoWIJf7C9FfPhIYTJbLaqeaU0spVuOgC9YVF5TXNVur5cJ0v0VGneNLUVG5qCxz3Qk7dcuUI6dNzS1lZuegC9MQidV6UhCWxZI61xW17aU9GU3vVrcY0gsrzCm3EuJzJ6BwWgOIKD404koVY0lVqw+dzxy3O98+GKxeYjnp3G/6URbjCjmQ6EfVqtbQUpQQkqVsKlyFSHCs8MKaytlzz6nXUsoK1U86p1RUroAvUaNk7a9/Vb71Ji5e0jaiLcYcosq12oEEXHEccTbyPk+evBtZQbioUoSW7ncb1voamx/R3Sj6txwVjK2Xj4/X1+nDGH8jYaHjwTvTCOU0lHl1YjIzryDYdMRm/bPrZTGQ3G3EaVhr9xyj+3QOGLo0SvjBk+juhXh48MWY5jXMH5flwQMxsKYaDLSWx4cMVd5klXu04MJzuBPVIc5TRXSjc9DSCs2FcxtkZb0qb/qKMxyvSnPOhLc86TMPjSH0L61oDiSk0tOU68WHC0sKHhSSFC44jhiSbx7+XEaVhz3Nji+40pSQtJSrY06jIspPhWFtc2Sn3a/Di+rM4TwiffJ/UfPqxNzZH79KVlG1FR6gbU1IKdKSsLFx0ChU1uyr+fEVAXnZHu4jhO/xl/Xj0YKvvp4Ys3kkE+etYE3qtz9vr4cXO9waVlVcVv0zl53ldVjWU1Y9TLpQaSoKFx0Cpibt36MLX3k9M42jL+vHowb71X6f+jhjKNUKrBU2jk+/wDrjKRkeUn38BvUJzmMJP7dLqsyiegJvTcUnvaUlhtPhXLR5UWmz4U8Gk6Dej0xXPy8Rwk/cnoww/a26cSVZi3n0YMjvK4Yx3UfvWCm8Yj3/wBccXaySCfPXjhb9lFs+PQdqVvxSL0wwEC536H38vZTRN+ptWU0NRfgOExVm7dGGffdOLOdoI4jWsNa5Uce/XhjK+0lP19aVgLuq2/34GsWY5jPMH5aOnBtRSbio74fbzjocGVVuMRq5zHw6H3OWmib9Y3pnVsdEp3OrTowtPbJ93Re2pqS7znCvz4xGC+4EUNOGIu819R/b4VAf9HfSv6twNKAIsamRjHcKPhxhyiwu/h40FBQzDjNbyOq4CoybNDolLuu3qBvTA+zHAVJfsMiaJv0Ya3lazefRiL/AC2+WNz8qOvAC9YfF5DeZXePCY/yGSfHwo0DasImc1vkqOo+XA1MiiS3l8fCnWlNqKVDXjCmck5Vd2gQoXHDEWrpDnAb0z92nodN1H1CBc0kWFqJA1NPSr6Iom/Qy2XFBIpCQhISOLjiWkFaqfeLyyo8AL1h8G32rg/ThtU+V6Q5psNuLDymVhaDqKhzES0XG/iKNEVMhJkj/wCqdZU0rKoa8NqiTCzodqbcS6nMmloC0lJp5stqKTQqIrM0Pd0Od71EZv8AOaXJSnbWnHlL36QL1h0fKOariSEi5qbL56tNuCUFRtUPDg323d/LjiUy32KD+v8AVE36GH1sKzoNjULEkSuyrRX1tRFEVIjNyE2WKlQnI++3nVrcGZC2jdJqPLQ/psanR+YnOncURaoTuVWU+PRKRlcPWNKLpItV79IF6hQ+Z219358VKSgZlbVMml7sp7tamo0Jx/bbzqPFbjjs7+fGdO5Q5bZ7Xyoqv1BVqhYuU9iRqPOkqSsZknSjSkg6GpOFpV2mdPdTjC2jlULcAq1R8QKdHNaktIX9qztQ7JqLI5oyq34y2s6cw8KIt6wJvUXD/wAzvwoDg8+2wLrqTLXIOvwpphbyrJF6jYahGrup/jomYiE9hn40VX9TFmORjdBqLPbk6bK8uLjSHRlWL0/hZGrRpbSkGx4BZHBKstR5gX2XN6twkxPzIopI9SEmmIDjmuwpiI2xqN+BUEi6qkYkB2WfjV3HleZqPhh3d+FIbS2MqBbitaW05lmwqXiKnewjRPzom/qwq1RcUW32XNR/NNPNvpzNm/F1lDwssVIw1SdWtaUgp04g2piYtvTwpqS277jVqdjNu705AWO7rSo60bisprKaymg2pW1IgvL8Kbwz/c03Gaa7o4LcQ2LrNqexNI0aFOOuPm6jemMNcXq5oP5plhtgWQOiTNbj6bq8qkSVvquo+vbeW0cyTY1GxVKuy/8AGgQoXHF6M2/3xUjDlo1TqKKbcQbU3Lcb2NIxAHvikSGl7Koa1kSdxXJaP5R8KDLY/KKtwVIZRuql4k2nuC9O4i6vbSipSzc1Hw9x3U6CmIjUfu79DjiGk5lm1ScUUrstaD+aKr/gb2qPMcY7hqPiDT+itD0PxGn9TvUiA4zruKIt0XNJdUnahMeH5qE98fmr09//AGozHj+Y0XFK3rMa3qPEcfPZFR4LTGu56CQkXNSMUSnRnX306+t05lG/4UG1RsQcZ03FMSmpHd38qtxfgtPajQ1IhOMaq2q1vUobKzYVGwwDtPfCgABYdD+ItNaI7Rp+W4+e2av+ICiKjYopPZd1H8024h5OZs3q1Wq1ScNSvtNae6nGlNnKoa9QF6jQlv6jbzpiM3HFkdEiY1H0Op8qkz3H9Dt5UTf8Yy+tlWZBtUXEEP8AZXoatVuD0dt8WXUqCtjXcedWtxQ2pZsBUbDQntPfCgLcVuJaTmWbCpOJqV2WtB/NFV/x4NqiYmpvsu6j+aQtLicyTpxsDoalYaD2mfhSmyk2NRYK39fDzpiM3HFkDolTW42m6qfkrfVmWfYcaWuOq6ajSm5I7O/l0ORmnTmWnWrdEzErdhj4/wBUpRV7FQ4pBuKiYil3su6HqW4hpOZZsKmYgp/sp0TRN/Y4Nqh4iWuw5qn5UlSVjMk6cZMlEZGZVSZS5Crq9lw5q4x028qZfRITnRUqUiMm538qffW8oqUdfZrElbCsyDTjynVZlHX/AKk//8QAPREAAQMCBAMFBgQFBAIDAAAAAQACAwQRBRIhMRATIDJBUZGxIjBQYXGBQKHR8BQzNEJSFSPB4UNgYnDx/9oACAECAQE/Af8A3QkDdAg7fDqo2YqWpvod0DcX+G1zrMKBLTcKlnDh8Nr3304Qy8t11C/MLfC3nK26qX5pLeHGkmschTXZhf4VUyZB9ETfiFST5h8JJsLqslucvTBJy3fJROzD4RUzBgTiXG56qKW4+DyPyhVEvMdpt1BUrrPsmm4v8Fccouqyo/sHUOEZs4FRdn4LV1OQIuvqVfqCYLkBRdn4JUTBjSpZTI7MVdXV1dX4XQVIzM+/gmiwt8DkflCqp+a6w2V1dXV1dXV1dRtMjsrVSwCMfBK+psMo3Por9F1dXV1FG6Z2VipKMRhXDAqisbGNVRvMgzn4DM7K1TS815erq/VTU7qh1hsqakbE2w2T3hgsqvEdcsXmgXSO+ZVOzK3T4DicuWMj7e4gidO/I1UtM2JgA2UkgYFWV5luyPb14ULM84+SYLN6OY3x/FNnu7LxxV3tBv1699lh1HyWa79/6J7sgVfW808th09eOER3c5326J5Qxuqp6l0s/wAkDcX/ABE7w1qopubO53HFf5o/ff14ZT8x/NPd6poDGrFKwtHLbufTowdn+1f6/pxccousRqMx5Q+6hk5cgeojdv4cmyxKo0yDv9FQvyzj5ppu2/DF2WId14fByYw1VUoiYSe5SyOleXu7+jDBaBv041tQIWE/u6uXG5QWHTZ4x5fh6mZsbTdSPMji9ya7K4OHcqWQSMuOGJxZ4nefVTszzNb81ELNWMTeyIx3/wDHThv8hv0HAmwusTmzy5PDjhsuSTJ4ppzC/wCFe7KFXVHMdkGw44XU/wDjPcgbi6lbdqqYeRKWd3TQ/wBSz99yHYWJuzVFvD/96cJfeBv77+Exs1PfzHF57+LXFpzBUkwkaCO/8ITbVV9XlGVu56GPdG4PbuFR1TZWXHDEaTmt9ncfu3TTP5czXHxTDdixD+pd9vTpwaTQt8OFecsLj8j0BYdUZHcs9/qmOzC/4OrqRG26e8vJc7ppqg078w2VPUNkbcHRObmFliNDvLGPr+vTh1SJYhf6FYqzLKHeI6cOl5dQPnomHM26rxmhcPkekFUFXzG67jf8FPMI2m6qJzO/N1wVL6d12qkrWTN9lOaJBdVuG3OaLfwRBabHjS1BppM3d3qriFVBdmveOkaahUFQJow7x9VMLtTm5HFp7ugKKV0Ts7VSVLZW3G34CR+UKsqeacrdvcse6N2Zh1VLig2k0P5IPbILOVVQMmGvmp6OWn1Oo8eNHWGnOV3ZVdTj+oi7J6cLqOXJyz3+q/mMWJQ5Js/j1U87oHZmqmqWyNuNvfOdlF1X1V7xt+/6e8gq5afsnTwVNikb9Dofn+q9h/yVThbH6jQ/JTUU0PdcfLg2R7GljToerD6znMud+9YhS89lh9la2h6QoZ3wOu1UlW2Vtwt/d7Kuq+WLDf38NVLB2ToqfFm7P09E2WKUXH5KbD4Z9beSmwuRnY1TmuYbOFumnndTyZwoJWTs0OixKjOsrfv+vSOEcjonZmKjrhLp3prg7b3VXUCNpJT5HSOLne+axzzZoum4fUO/tsm4RKd3KPCZIzdkhH2/7UEUrO2botB3UtKyQWOqnwkbx6Kamlg7Y6KGr/h3ZXdkq4maq2m/h5NNj1g21Coq7Mcj9/VNcHD3Er8gVVPz36bDjDA+c2Yp4oKSLLu4+5goJptdh81BhMbe1r9UynawWQa0bdboWuVRhcbtRp9P0U9LLT9sacaCt5P+2/b0VbH/ABEJtvv7mhrS72Xb+qacwuOomwusRqf/ABj78aWjdP7R0an5KSL5BSyuleXu64YHzuysCpMNZHrufFNjDfePha5VeFjtRaHwTmFhyuGvCjruT7EmrV9OmGmhqqcECxU1O+nNncAS03Coavmtufv1Vk4iaT4Jzi45ncKOj53tv29UGiJt1iFRzZMg2HXSUbqk3OjVBTNibYDTo2Tp2tUuLQM/u8tU7Hf8W/mv9df/AIfn/wBIY74t/NMxuE76fb9FDWxzdk3TXtdtxIB0KrKFsw181NC+B+R/Xhc2SQx+KkhbK36qqonQ+0zb04QSmF+cKnlD26dD3ZRdV8/MfkHd68KSm/iH67BRR5AsRqOTGSP2eujpTUu17IUMIjHQ+QMVZiwb7MWp/JSzSTm8hv1wYlPDucw+f6qjxKOo0G/gmuDtuNZSNmZb9hSRuicWO36o3mNweO5U7w9mikjD1W0nJOdm3pww+oyO5ZTXZhfjWz8phPhwaC45QqOnETAPBE2F1is2aQR+HVDC6Z4Y1UtO2JoDdh0PfkCxDEObeKM6d58f+vdC4NwsPxMvIjl39Ux2YX4EXVfRCUab9yIINj1YTLniA8NOE0QeFVU/IfbuQNtQqKfmsB/d+BNhdYnLmeGcMMhzvL/BNGUWUvZU8nNlc/x6sLpcrM53Pp0E21WK1hA5Tdz6e9wyuMwyv7Q/Pi5uYWWKU+U80ffqwd9nObxrqbmsIH24YdLkkyeKacwupnWapZOZIX8MLiyxA/fhVuyRl3h1U0XOlaxQtyt6KucQsLndyFPUVjzJbdRYMT23eSbg0HePzX+k03+PqnYPTn+38ypcFH9ht+amoJ4dSLj5dcEzqeQSNVPIJGXHGrhErC096ILTY9OGOtUW8UNuD25mqtj5cx+eqa4tOYKmfmasSkyRO40rcsfCv/kO+h9OrCIr5n/bplpxMfaTYmt6nRtcqzDGS+0ND+91LE+F2R416sGnzR5D3enFwzCyxGPJOT469NB/Ut/fcm7DjirLEHhhb7xgLFn7N4wdnhUNzMt1YXHkhb5+fUXtHeuYzxXMb4q46N1W0TZmW8lJG6JxY7cdOEPyzlviOjGI7ZXdNBrUt/fcm7Dji/Z+/wDxwwt1swWJG8o+nGifniB+nCQXaVXR8uocPHXz6aVmSPL0PkDVU4u0aR+16J+IVL/7rfRfxE3+Z8ym1lQ3Z5VC6sms959n6JnZHQRfRYtS6c0bj06cN/qm/f0Q244y3/bv8+nDGXnv4IccVfcgcMN3csSFpR9OOEy3iA8NOOL0/s8wd3p0DdRdnjI/IFXVxnORnZ9ejD8P5n+7IPoFHGGdVTGJGWKc0tJaejCY805d4Doxj+V04NFoX+PF5ytuq2TPMbd2nDC2XuVi0ez+OGzZJcnimnML8J4w9uqqYDTyFh6Kd2Zlxxxeps3ljv8ATooaf+Il12CiZlHW8XaVWjLUPHRhdLyYxm33PRjLvZA+fQNdAqGHkxhvhxrJxEwnw44fFkjF1XQ81hajwBI1CoqkSszca+jE7Ld/ci0tOV2/HC5c8LfLy4O7JWIPz1Lvl0YTBliBPfr+nuH6NKrjepfxw2hLiJnj6fqmNyi3EmwusTkzzZfDowyn5knMOw9UxuUW4SPyhVtRzn5RsOFLFzZAO5RNs1PbmFliFPkdzBsfXjTVBp337lBO2RoseBAIsViFBzdW9r1RaWmx4YTNlcY/ugbi6k7JVX/UP+p6KNuSMD3FRIGN1T3Z3Fx701rnnK0XKosLsc0up8ExgZ0VUwiYSe5PeXuL3d/GKN0rwxqo6cRMAHdwe8NVdWZrxs+/GgpuW3Xfv41EIkabqppnU7vlxpap1Of/AIqCobI299OBAcLFV2HibXv8f1UkbonZHhRvMbg9vcqSdsrAR3pwuCsSjyVBPj0UxvH1k5RdYrVX/wBlu5VPhksusmg/NU1CyAeyLeqADdB0OdlF1iVTndyh9+IBJsFh9FyRrv3/AKLZSTBoVVXGT2Y/PjQUtzzHfb9U1uUW6J6dsjSCNFVUToPabqOMFQ+A3aqSuZLoPJNcHbLdVNGyZtiFU0MlPru1YbVcl/LdsfVMfmCxalzszN3Hp0YZLnhb5eXW4ZhZR0cbDmA1TWBu3S5waLlV9dk9hna9OLWOecrRqqGg5XtHteiu2MWVTXNj0Pkpqh8/a240dJzDneNPVRx5Op8YcqrDe+LQpzC02crIXGoVPiLmaS+ahqmyC4N0DfZPiDlV4UHe1HofyVFUSREQzix7vmnDmNuFX0fIdnZ2fTjhtTypMh2PqmPzD3j5Q1VmJf2xb+P6LfhBTvnNmKkomQC/5qWpZE3wU9e5+kenRS0Jcc0nko48vuCAdCqmibKNVPRvh13CsrJj3RnMwqDE7aSaKOoa8XWhRhaUBlFlLEHhVeGuju+Lbw40OI29iU/f9UyUO9y6VoVRicbNL3+inq5J9Dtwa0uNmhU2GE6zeSAjhb8h5KfEe6PVPe6Q3ceLGOecrQqSgDfadqUxgZ7t0YcqjDwdW6H8lJE+I2eOMcj4jdhVPiQ2fp6JkzXcXMDlVYayX2tj4qahmg1tccIKyWDRp0UOLs/v0/NR1scnZN1zWrmM8VzWJ1Q1u6kxOFv93/KlxYnsDzUlVNL2ncI4nymzBdQYW538w+SjhigFmj9/VTV7G6M19FLM+Y+2eiClfNrsFT0jYxYIC23vpaZrxZT4eW6x+SItoeMU8kPZKp8Ra7R2hTZQ7i6NrlPhsUupClwhzew7zT6OePdv/K+RTXOb2SufL/mfNGaU7uPnxZTTP7LVHhkru2bKHCo27i/1WSOIWU9eyP2QpaiSbtbdDI3SHKwKmw8bv1P5JkQb+BLQ7dT0bZN1NRvj1Go6IamSHbZU2INfp3psgd0GNpTqZjt0cNgP9oRwqD/H1QwuD/H1TcOhb/aPJNp2N2QiaES1gVRWtjGqmrJJdBoOgAk2Cgw9ztZFFTNjFkBb8I6MOVRQNfr3qamfDvt0Q1kkWh1Cp65sugTXB23uZJwwKoryTaPzRN9T0Q0T5NXaKCjbGNAg0N2/EPiDlUYeN2aeifG6M5XDop69zNJPNRVDXi/U5wbuqmtbHofJSzPmPtdENM+bbZU9C2PUeaawN2/F7qama8WU9G6PVuo6Ipnwm7VS1ok07/BNcHbcZJ2sCnri7SPz6GMc85WqnoBu7UpkQb+PfGHKpob6t0Kc0tOV3HbZU1cW6SeaZOCLqprRHp+SlmfMfa6IKZ02vcoKVsYsgLbfASL6FVFI2QaqaB0J16GTSRizT0AKmor6yeSjiDPgskAeFUUZZqzpsmMLzZqpaMN1701obt8HcwOVTRX1G6LS02PCyihdKbBU9KGDRAW2+EkA6FVNKHhSRujNnKGF0p+SggDB8NlpWyaKKAR//Un/xABFEAACAQAFCAYHBwIFBQEBAAABAgMAERIhMQQgIjAyQVFxEBMjQFJhM0JggaGxwRRQU2JykdGi4SRDY5KyNHOCg/CQFf/aAAgBAQAGPwL/APGHKMoADGNCwBoburnTbj+o8vZ3K/MAfGizQtYkXA0EyXMLnTwn2cSPfJKPhf0daBajbRkXiKJLEweNhWCPZvIk8nPy6TkczVRSHQJ9Vv7+zeUcI6oxmdRI1eUwi+v1hx9mXkbZUWjSSZtqRi2ZHlEW2hr5+VEnhNat8PL2Ymq2peyHvzjHKf8ADS4/lbj7MRZINmIWzzP9vnnjJJT28S3E+uvss8j3KgtGkuUSbUhr5Z6TRmqRDaBomUR3V4r4Tw9lfsoPaT/8RjqRFIf8NMdL8p4+ynAUlm/yxox/p1QR3rnh0W4kbj7J9Qnpco0eS79XHlGKi5xxWgINYOB9kXkkayiCtjwFJcovsG5Ady6w5KzVywYV+D2R/wD58R4GU/Ia2CQtZjY2H5H2QlnxbBBxajPI1t2NbMd510Dlq5EHVvzHscWY1KBWTwoZMIVujXy46/K8m9c1Sjlh7HfYITUo9MePl3DJ6zVaDL8PY0JF/wBTLs/lHioSSWJvJO/uGSP4ZV+fsY08uAuAHrHhRp5jpncMAOHcYQMesX50PsUWYhVF5J3UtLWMnS6Nfr3LI1x7S0fdf7FnIYW7NfSkbzw7nNlZ2Yx1Y5n/AO+PsUIYjVlEox8K8e5hVFp2NQHE0jgUaWLni2/2Jed79yr4jRppmtyNie5/b5Roj0Q4+fsTWbhTR/6eO6McfPudtx/hYzpHxfloABUBgB7EjI4jpSCuQ8F4dztGuPJhi/HyFFiiQJGuCjNfJY5OsmQVsFwX3+wkk0h0VH70eaS93NZ7kJ8qBWDcm9/7UCIoVFuAG7M6yeQRpxNDHk1qCDe3rN/FMols3u9m1y9hFyMVWVqd+e7uNQvJ3CgnywAtisXDnmmOOqbKPDuXnTrJ3ttu4Dl0ZNGPACeZv9g5Jn2UFdHke93NZ7gABWTcAN9Oumvyk/0ZlZuFGgyQ1Jg0vHl05PCcHcA8vYSLJhjIbR5DuPXzD/ENgPAP5zGkkYIi4k0aKLs8n+Lc8xpSLoUrHM+wjJgsOgPr3AZXMNEejU7/ADzGkkawi4k03pANmP6nNlm/Ff4D2EkkPrsW19R9Ct7n6UqFw6WdzZVRWSaVDRgXZXj5nOyaM4hL9T9ngP8AiXG14B/NMnkka3JVZY+YP3nJlLC1ZwXiaKwwIrzcpfhG3y16ogrZjUBRYhecWbicw5PEewU3t4j/ABnQpVXW6ir36lpmvbBE8RozubTsayaTx70lr/cfea5Ihuj0n/VSBhgY1+Wblf8A2zrzlbbtFPqcz7NE1UjbZG4Z6HdGC+ptL6FNGP8AnoaKvRljN3mP/j95Szvggr5mjySGt3NZpkh/Jm5X/wBs65IkFZY/CiogsotwHS0rY+qOJozubTNeTn5RJuChf/v21AyeI1SyjSPBemOZTU0bBqVi8HD7xXJF2YtJ/wBXQE3xMV+ubNH4kI+Gulyg/oX65lhfRxVgHieOoyg8ZPpnvLIakQVmkk77Tn9huzIwTW8R6s/T7wlnurUaIO80Z3Np2NZPHoyiLxKGHuzsojGCudbFGoqqX49LVGqR9FdSTxkOf9iTC5pD8hmvCxqE61D9Q+8LKHsYtEeZ3npydy1lbVRPlnLIP81fiNZAhwLX5livRiFXv36n/wBjZ0kzbKC1R5HvZzaOakibSEMKRzJsOLQ+7uqT08oqH5RxzYzXppoNmmT1odIct+steBCelnOCiuhY4m86mrhIc6PJ1NXWXtyz5MkY3xaSfp+7ZJpDUiCujzybTbuA4ZvUEixL/wAs0q14NxpJC3qnHiNXP+gfPper1iF1WULwcH4Z0x3LoD3Z8WUeqp0hxXfQEXg/dhyZD2MRv/M2eJBcwuYcDmrlK4povy1c/wCgfPpgX8xOqnXcUr+Oa7cATSs4m/UdVI4aWG7zs7vuv7PCap5BtD1BqLRvia5x9aVi8ZjKwrUioijRGur1TxGqZPGnTk/I6qE7m0D783KSDUbNX76mPKFvs4jiN9FdDWrCsH7paV8cFXxGjzSm1I2OpXJJTdhGfpm1Adst6H6UINxG7UwyNshr+nJ25jVK3hINA6mtWvGY/wCpfnqvsMm6+M/T7oZ3NlVFZJpbwiW6NfLV9VIe3X+oZpnhHa+svi/vqo2O0uieiverjVqu+LROY/6l+eqV0NllNYPCiy3CQXOBuP3P9lhNcSnTbxHWBlNlheCKWX0ZxiOPmM1sogFe90Hz1JV2qjku9/RLH4lu56tojhKPiMzKR+WvViUXobnXiKBlNpTeD9y9RC1U8mJGKrrgykqwwIoIp9GXc25s1pcmFT4mPjy1PVv6ZB+449BKrVG94579UkibSmsUSVcGFfS68QRS/HV/Z5j/AIdjcfAf4+5LW1K1yLRpHa07Gsk9w6rKSSvqycOdAykMpwIzLa9lL4tx50Mci2Wz1kQ1MtLae9eFCo210l1b5OThpL9cydd1qse/WLkUxr/Cc/L7ieaU1Ivx8qNM925V8I7ldpRb46VxnSGKHEZlmVA4oWi7WL+oZ9tPeONBJGbt44U+0RjRY6Y4HjqklXFTXRZFvVhWOmGcC86B+mtGT5Se39V/H/f7grNwpon/AA8dyDj590tIxRuIoFykV/6i/WgZTaU7xmFl7KXxDfTtF0fGMM63GeY3GhAvu0o2pVjGdltU2TN+pPr0yRbyLudKjjrRk+UHt/Vfx/37+2SQnsh6Rh6x4cu72omq8t1As3Yvx9U08swtF2L8PVp2iXeIXjNDKbLDAiiRsgBBrLcdUGU1MLwaLIuO8cD09cuxL8Drlgys1HBZuPPvrZLEe3caRHqDvXZvo+A4Uqm7F/6aV4jMJj7FvLCmx1i+JL9fU3on2vLz6WikwPwo8biplNWuWDKTahwDnFP7UrBrB3jvTSXdYbo14mjO7Fna8k7++dk5A8O6nbr1bcVvFLUbh14jMNtKm8S3GlcLdb5G40supVuB1oyaQ3jYPHy6etQdsg/3DX9W4MmT8N68qLLE1pG394eaU1ItGmk5BfCO/wBqNijcRSqdOs81upoSCvwtccyqRA486dixQ8GvFNOM1cVvGrDC4i8Ur2ZBtL0nKYhoHbHDz19qM1qdpDg1BJEeanFe7Vm4UsJ/00Z0fzef3FgT7qYvIvhcV07SCWPzCEjNrs2H8SUrjPXDgMaVMCp4HUiRMR8aLKmB3cOgqwrU3EUs4ob0bXiWFzHIN4pYYCPKBinHzHdWyKLaPpG4Dh360kJs8TdTtpAnkt9NOR5PhT0CnnfTRiRf/Hox1FUiBqEwPf4X/mlUiFdRWL0O0vGiyIa1OHR1ddTi9T505a8MpKsLwRup1UtS5UP6/MdzJF8zXRr9aEk1k4k54YDq4fxD9KO4tdbglpsT3PQTR8TXCnbSFjwS6lUcYHnv7jUwDDgaMYuzf4U01u8Qwz6jpQttL9aBlNpTgR0dcBoSf8u4BlJVheCN1OqlqXKR/X5juLyytZRRWTR5mwwVfCM4ACsncKCTK9Jvwtw50Z3NlEFLZ0UFyLw7jWw6leL76AhLbj1n7vXAerbgcKWZFs/LOstpQnEcPOgZTaU4EUcDaXTHcQ6MVdbww3UvqWdNtfr3D7JHXZjbTPE8M4RxLab5UtHtJ/HVhy6OqjPYp/Ue4dmNHe5wpgJJPGw70VdQy8DQvk9bf6dCCKjm2W0oTiOHKlam0jDEUaM4qatUJZCzO3A1WaM/pYR66/UZyTx7S7uI4UWePA7juPDXVrfNJop5eedoizF60hwp1cK1DeTiej7Ojdq+1VuXXgAVk7hS3lV3+n/NKlAUcB33S0XGDilUgu3MMDmlYmqU31EV0JOJv1UmTn/M0gfMdDPkw6qXGz6p/ijI6lXXEHN0z2D3P5edAwNYN4I1jMxqVRWTRpjcuCLwGbaatMnGLcfIUWONQqLcAOhpZDoj4+VHle9mNZ1wSNbTGlo6c3i4cvuAo62lO40tpW8PHw69JU2kNYoki7LivosyjS9VxitLEouOy4wbN+xSt5xE/wDHWLkaG9tKTluGbaOhk67TcfIUVEUKi3ADp+zrsRY+ba7q4/edwpYjHNt51mkwHOl1bU0VC0vc0xPTiaXO3702q+YppIDypfWvOlxr1ZmgGj6yDdr2gO1GaxyPS0Uq2kNLVfWQHB+HPMrBqPEUDn0y3SDz1UszbKKWpJM+1IbRzBEl29m8IokUYqRBUOmSX1sF50JN5Ot6uP3nhTq4/eeOr0jfwpoaA+NOOsrFxppadMam4HVdfENA7QG7XIx2W0D78xkdQytcQaW0rbJ2wPh8jmLL6h0XHlQMpDKbwRqVyONtFL5KuO4ZiogtOxqAoI1vbF28RzFgGzFjz1qxoLTNgKCMXn1m4nVlYv8AdSs3nuNR0186Voa9QVYVg4g0rW+FsDw8tbWMRSKaqq2LxmMjqGU3EGhGMLejb6ZhyJ/V0o/qNQ8shsogrvo8r3u5tHM+2SLpG6OvcOOY8jYKK6PK+25rOttvfK39Plq7K7Hz7paU1GlRufhqGjcWlNKjeh2W462SE/5Zu5HNeGQaLb+HnRopReMD4hx6UljNUiGsUjmQ6LivPjyMf9xj8sxIBvvY+W+gVRUouAzBGMZWq92t69xoIbhxOrsLsfPu9h9v56hon37+Bo0b7Q+OsC7pBZzhY9NHevn5U4HpfIyLmrdT5784scBeaSTvi5r927MbKWGnLcp/LmhNyKNYka4saCNBUo1XVKf1d5/OMdRbUdpHfzGsik8LA54yhNiY3jg3SsiGp0NYpHNGa0cV5ph9efR92/MjiXadrNFRRUqioZs0h9ZjrDlDYvcvLVE793egw3UDLgdQyjYOkusyd+KDOlhOLC48DuoVYVMpqI6ZsmPqaa+/N6tcIBYr89+Y03qxL8TmyP4VJ1ixD1qBVuAuGq/KLh03IaYqKXv+wptmm2abZ/am2KYV8qXiruHVHA4ai0BW0el7t+sUeBiuf1w2Jr//AC6YpQdGuy/mMyWZrwilqPK+25tHMkf8SS73ZuU/p1kkx3aI1VQ2mpordxpptX5Cmio1N4rpdomniHEa6uivqJIvCdXlA/OPlnu/rQ6Y+uZk0jNaYpeenq12pmse7fm5Kv8Apg/vfm5RyHz1kSVVGzfz1VttLgOGv4HiKXj361o92I1Ec3i0Tq8pHkv1z5Ijg6laVHEXHpymGvAhwOmHJh/lC0TzzDSBeCKPhm5Ry+urhWqsWqz3uo3ilYvXWK3nqGPg0tXlH6R89RlS8JD0ou6UFOnKXW9bVke4VZhonIZs6cUOrlerZFQ77aXZ+WsjPlnumNoEUvx1WUfoHz1GVfqr+HTk0nBx0SSYWVJpWcTmGkR4oPlnMpxBq1Qbe5r77UaflOGrI4HUThRULWqylv0jUZV+qr4dNfC+gbiK6ZUeK2f3zsmP+kvyzpPzgNqoAcbOrrY1UuBal1S026bdMa+dL1FL0+NKhWDq6jSrVSaiTzqOqnPF/pqMqP8AqHpNITxRflQ+ci50Q3oSmdHNVpK1mvy1SjgNVVH+9LzXn1m5aVKKtZb46qTUL5oNVFxbT/fPeQ4IC1CxxN56TSIfkHypykXOymHfWHzpImwYVUZHFTLcdQn6h89TaanAcNRafZ4a5hqieJ1Ef6PqdSqLezGoURPCAM+RfWl0BmKniIFKuF1Mp/KA/wCxzorRqDApn9eBoyY89Qn6h89RWaeW4ai02z8+4MPPUovlqF/R/OpjO6PTOoWAYQ4nzOZky7rdr9r+iaPG2hHwzqxiL6RzJsuK86SI3WhVXRkfaU1HPr4ajqx79RVu39x5jUDgt+pk8qhqTNvl+AGe8jEAKK76NI+25tHMmnPqLZHM9OURrs12h7786TJDj6RfrnnKU2l2hxGoifiozix3UJOJ1Hmce4ry1H5jjqZnGBbUJGu0xqFEjTZUVDPTJAODsflmx1ip5NNumDKwL/Rv9M5JozUymiSxmtHFYzqt1NH0TbPl5Z6AYpcc6z4tQOAv7knLP6xhy1Mr8FOpbKThsr9c95n9XAcTRpJGtO2JzIY6q1rtNyGZNk5uti48DRkYVMpqI8877LIdFzoHgeGe0bi4/Chjf3HiM6SPxCvOUcBqC/G7uXuzrT7PDjqkiB2zWeWoSJdpjVRY02VFWfZQ9hHs+fnmtNItmWXjuXN+3RjQaoSeR454ikP+IQX/AJhxz+rf3Nwo0T7QzY34HOPIahP37k58821Jj4dW7jZ2RqOucdpJh5DPOSwHR/zG4+WaAfRJpOfpnSQyCtHFRoYJb96sPWGcskbWXXA0tDRkG2nDPAfRYYON1DHIL+PHNAO1HonN9w1Ccu4s2Zoj304tx1ZAPaPojUdY47JPieGe2T5M1+DyDd5ZqogtOxqAoIxexvduJz6hozpejfSjI6lHW4qd2cssTWXFLS6LjaThn2JBybeKWXwODbjmCvYbRbNjPlqE5DuNgbseioCs0rk/alQFQ1jN6g0U5Z4jW4Ys3AUWOMWVGcYclNUfrSceWcMpmHasNEeEanrI6lypRcfF5GjI6lXW4qd2cJImsON9LPo5hinHzGeUkW0poXTSh47xmWSe0S73ZhO9b9RHyHcPPdTiaad3KlSjW/ZkN52/4zxHGNI/CnVp7zxOaZJWsqKFRXFB4Bv55wyiUdgpuHjP8au2p6rKBg/HnQxTIUcfHODKSrC8EUEWVVK5wk3HnqLeTiy29NxoVYFSNx6FkG7EcRQOprU9JBwNGQ7s9fK7uBZq2pUoq11lb5mw8vOhJNZO/OEcYrY/Cllb2O03HNaOPtZh+wpblcu3yzuskuycY/m8qBVFSi4Aazqp1tDcd68qG0Osg3SjD38M9Uc9bB4TiOVLUL2h8Rn1PcwwcYimlpJ4x0dU50GwPA5nWqLxjyz2SvEV9+8Uh2VoXdrTHfnVJcoxc4CliMc23nMtTPZ4DeaMkRMUPltHPtnQycG9t55UWONbKLcANcQRWDuNGlyI3Y9SfpQjAjOEkTWXG+ljKqo2/EGzQEGsHeM6oiscDS1k/wDsP0oVYVEYg06mQ6Q2TxzPyHDOVhiKBhge+FE0pv8AjzoXc2mOJOcGeuOHxbzyoI4xZUdJZ2CqN5oyZKP/AGn6ULOxdjvOeJZa0yf4vQKosqLgB3G2ezn/ABF+tLEy3bnGy2eAjWo/w2woFPYy+Fv5z6pEr894oGhbrKuFxFDHILM64jj0lWFYNLLYbjxzuqY3HDvRJNQG80KZNcPxN/uzgqgsxwAoJMpqZtyDD35lURE8vAYClqZ6+C7hqFlyvn1P890aORQ6HFTRpMj7RfwTiOXGlWB4Z6qT1sI9VsfcaERPpD1WuOeGKi0N+YVcVinFNzZwjc6e48e8VDtZOC0rkNwwUYDODejiPrtTs10t7nHp7Q1ucEXGhWvqovAv11AiiW25p1klUs/HcvLu4t6EgwkXGnaC1GcJFw/tqAsnbRjjtfvTsn0vAdrVVEVjzpbhvG9c6zN/vpWDWD3SpT1z8E/mhFrq08K51USVjxHClqXtpPPAdNqaQJwG80KwDqU4+sdTWOzhGMh+lLES82OJ7yQbxRnyVuqfHqzsn+KWJY2jfgwz6waiN4oFnHXpx9alcL18V3jVVnRbxChJFpPEM3ROj4ThTT7NvPCl1+v7SUA8MTQiGOv8z0IklJU+rgM7soyV8W6lcx69uGApULh0W5XEa8TRkyVf/a30FLTsXbix1AABYnACglywV8IeHOlQuHfOrnQOvypaya1PH4fWH86gMpKsMCKWcq0h41F9A8bB18tVWOzbitKytpeK5taMRTTRWHldS+0vMUrWRT76cc6+6mnKi++hqtvyWnZxqg/NfTTlPIXDOq30BZepTi2P7UrYGY/nwp5dBZ2CKN5oVyVbZ/EbCluVzI3nqaoxUgxkOApo6cu+RsfuAsy9XL+In140DPVJGfXT66i3E5RvKgXKVsH8RcKB0YMpwI1Wkl/EXU7NwR+ahDIRVnXMRyNPTv8AvT07U9N/SKemP7Cnp5P3ppMW5nPqArPAUrCWF4vdTt3LnglwpZiQKPj01k1DzoUiHXvxGyKVzSF/LcNSEQFmOAFA+VtX/pL9TQKihVGAH3Hbyc/Z38NWif4p1cyFG+fLUWonq/LuNKpx1DccQacRqz2dR4rdTQl/3Cno7X6aVOpXnq9FS3IUugf33U05ETlfTtGaU/sKdlGsfIZpVe2l4LgPfTtX0Pw1w1Vt68ni4sLzyFLMKVHexxP3MY5UEicGpayNrY8Dm8e+jIwsutxB3ajs30fAcKWZOwk/Mbv31tRFY86Xwr+1NkryNLpXH7U9O/7CmjP+609O/wDtFPTP+wpe0je+norX6jXS6CMf+NKhcPLP7R9PwLjQp6KLwrieeqriXQwtthQM3bS+JsByH3VVKl+5xcwpaj/xEf5RpD3akBWtx/hthTaEUngY97tzOEXzpYyWuIb3OJpXiTvOpswxlz8BQPlJ65/ANn+9KlAA4D7tZ6urmPrr9aVutuP8RMP7ampj16eF/wCaVI1UngbHvBSEde4xPqihklcu3nu1NiNS7+FRRZMrIq/CX6mgjiQIg3L94l4v8PJ5bJ91LM8ZTgdx1Nmbt089qluJuanEd0tytyUYmlgdlD4Bv56moXngKBspPUp4Btf2pYgjCDfxP3oUkUOp3NS1kbWf9N/oaFHUo43HUB0YqwwIoI8rqX/VH1pWDWDvHcSmS9o/4nqj+aF5HLud7akMR1EXjcfIUqiFbHF2xP3xZnS1wO8UtxV5RF5DSXU6GlHvjOFDY0XGKNjrrUz1cFGJoV9FD4F389TVCla73OyKBpAJ58bZGHL78MkREE3Gq5udOqmSw3z1AZSVYYEUEeV47pf5oGUhlO8asx5LVI/4nqj+aNJIxd2xJ1ARFLsdy0WTLDX/AKI+tAqgKo3D7+McyB186F4QZoP6l56mpdOLfG1LURvG0pxXUVzNecEGJoR6OH8MHHnqbVfVQj1yMeVOrhGOLHE+wRlyWqOXEodlv4oY5EMbjFW1FuJzG/FadXlREcm59zZtZuFOrySp23yHAcqF5HLud7agIil3OCinW5YA77oty8/YWqZdIYONoUqfSjOzJx1IjcdbB4d68qdZC9pfl0W5TfuQYmlk9nD4B9dSRFUEXakbAUqj0nO1IcT7DlJFDocQaNNkgtRb4968tTbheyd/A0spD1cx9ausChd2LucWOpE2U1xQnBPWb+KLHEoRFwA9ijLDVFlHwfnQxyoY3Hqt3BURSztcFG+glyuqSXEJ6q/z7G9XKP0sMVppi1FulGH9td1cIw2mOC00e0mOMhx93seVYBlOIO+hkyQGSL8P1h/OsD+iyf8AEO/lQRQpZUfH2SM0FUWUb+D0MUyFHG7UibK1sxbot7c6VC4D2UsSiphsyDFaWZl0TsyDZbOAF5O4UE+UAHKNy+D+/su0Uq20bEULrXLk25/DzzAqqWY3BRiaddNU2VH+j2ZKsAym4g76NlGRgmMXtFvHLoWONbcjXBRTrJKnyo+t4fIeznW5MVglO0CNE00dOYjSlO//APGL/8QALBABAAIABAUDBAMBAQEAAAAAAQARECExQSBRYXGBkaHBMLHR8EBQYOHxkP/aAAgBAQABPyH/AOAdy/8AO6C8wl2uOlN1XXLmKD/nBz9UvkkW/wBmPR5jPzibPjkwb/zdhtp6BXxgGYajrzTqTY4i5P8ANOkBvZlHyPhxzcX6ZNu33d4Zf5pe/wBgB+V4ABQg9e337MH/ADGtg+wFxq7U31bxJteIOzddyVDXpu911IZ/5dCN1dDNb6DAolSpUqCnigttr4vjlDL/ACzMojv3S9IVK4EvtECayaHyf5YhFqvQiIXlfJseCuOv1fVE5PjdaOsH+TYKReZGzZvORDA4mBAInsnxZo/5MAVQNV2lxcyrkNPXXzCEOIWI6Sq7LT+mMr6Q/wAizNLV+5edPMFYEOJhBHIXc1/PiCmFYbn+RMI63Y1i5JTl5p25+YQ+gxgNyO4tPRy9If49g5hYj+vyviEIQ4Xg1IY3T/2qH+OYuaEu72n58Rvm7QmrCGB9BgAjo5SujtBle5T5/wAccxpGgNWNm7N/I+RhCEPoMYwYljcg0F8es0f4xYlbRQ3an5yoECED6DHDKZ9xVUe3+MLLlCT99+EVLFZ2rmwIECBjUrgYxjOqbgyX/FMunecS6CEOck7CHSBKgQPouDGLqQB6Z9z/ABQfzsqBzlyMxHuzm/aVAgSoEqVKxqVg4MYAygO1mfb/ABTWLcn2peO/WBAhiKxqVK4HBjMkDu3OfQ/xIsuTtQ10nu2JSQgipUIqVKlSpUqVKiSoxH4B9zQh/AHWWr95f4kc2uQ1XQjqU3yOhyIQEIqVKlSpWCpWFSpWCQlUvG3aPbsQf4gwoAWroEvypn3Dz+0ICBKlSpUrBWCsFYKjCQJv5aPk+YbY1AoDl/iGFlKq12PL7QoQIEJUDCpUqVgqVKlSoktevR6v9c9oCLKDQQyxu4cFUxcyqdF9Iaf4Oute7tg7xnbd+sCVAgQJUqBKlYKlSpUqJRN2l6Xc5fdDtJR0CaYXERNlzXkG7L15o0PxukyQqJbg/LDT/BMyX2rfXT0z8yuAqBKgQIEIqVKlSoMAUUBasp5VakfPnek1xu4yPdW9Zz6S1sNGg8htDY8oD9Vddx7v+DZPPvr0iVKLrebiVKlSpUCBAlYKlSozZ1BauRAZBMjUPI682BiKIAWroSxfTOT08p1mWMH+REH2GAbFGwf4J0g2DO36bwIRUrBWAQIEDFIkciERUM70IDEUIWuggwm3f/zHTBUqHdXsCPa/8GY1d6mdVAhKlSpUqBAgYGNQ7DbJa/jyhnic8V7KUnM9TX5PtKlSokVDWg9H73DT6Fy/7nIzaRV1tp3YECVhUqBAgQJUrCowk5IuW3lCAABQGgYgh2xghq1edr8j7SpWOYeU0G95Ofz9BZzGWnrfD1me3S9VBb/ZrLNQGlmgmi0h2ThYZpcd7SoDlAwCVKlSoEDAxoKYDdj/ABorzsCsFlSTkLa+HvgqVKlT38cZJquNlNu+s/w7sbe8/dZYnZOgfhhp/YrBuw8jdGR4PvD1IB6OFVMCEGNSpUrCpWIZ3sn1/Q9YMFiWwF6zl937QodJWNYXqHqzQ936Bd1o5stN5LmXn5fiVN9wObMPb+yKeMiHwHlluTH6sR7PKeinCKcKgQJUqVKlSpUCVKj5MwrKtz6Q+4KGxjmaaPRyKxVY3cKlcGU+THqtxo4mX9S5mn6unrNESVLgHs5+0MHpWjc2/sGAntLudMjwPvBAyO4nTR94cH/qXqZw8yBCVgSpUrCsci9n+ZfbFqzJzPtO9FSpUcanRUPQfmHFm58ZvqivQeCJEiTNFqxzA/CH9ehLVEVboRgCD9zqwQWGqxzVn9zhaReiBg8rygz4DjVjyJS+AvVZr649Gb9Tm+CVWFYuJCatfY4mXCjJun6Z+kSJEiRPfQHUPa/69qwb828n9QggQKeu9Ms/WGTwMLTVqeD8QPpVNFevYZ/EM28GXBsCvVn8MKwcH6KZ6q0G9bRErVOrEiRIkZiu9I3F5sfYf61ZuCr0F+BACjSCEzFQX7B5T8lQx2lfc6w5svy8Y1wVw9A+YcsSn0xvYio29nVlSsWMqVBWNbPs8LpHUpNW529ftEiRIkSJHtr1A5nh+8P6zODA68jzKiygDoWggggQjojn7Ay9YcBiU0OYzNiaj0D6QlSuOoYw0wJFT34u37cTwXf9yf8AENOBzYt9b+P/AKuJEiRIkSERcgW5o+fEVOlY8z+r1mknlfJ4IIMAQhezTqPKGhe/eaQxZXPlG+18MrGvoUGk2mqdaHY/7wVKwTHbK/R/1NHAxmT6YQVleYXdiRIkYYSWDHSyyuqpbrueIf1KwCmwUz5vdgqCCEIEItGhqctvCECCFibnBZ0rmBl8g5v42VKlYVwi9uB3G8G00f72cSYVKnOB8X/VcJrUK3ur5wSOCRIkSE425e/ogNDDbj/UvkPe9klrE2vg6QQIQIGIlgPc+fP8QaxSAotUe/lDKUUrZ4KxMF0qguQ5QyZtMvZ/G8FSsKlSoCYpSnRuVXhd0eB11iioypWFRIwxeJdF/Lf5nmD/AE4IdkIJlk30bcz1YECCECHAenabY/V9bvzg4pNqQydvM/V4VK4QlWJNoB5zf7TUlrlojyuyVKlY1gqVKm6eq9yGPaLYnCpUqMMMhEPqifswOeTrDP8ApdZqr0Wg7HQ+8IECBAhgEMCMvXuQzLEPJ0P6ZQcdIBqHItOj5JqSpUqVKxRMa3I2vxDKA2Wp9w94ZnKVKlSpUqVKlQtkIfIe18DK60r8N/GNSsElRIkYsZyX/ezWB/GA0T+kWGaozHdd2CoQIGAhAxIQjHzvVDEFi5EV+Bg1jpNuKPT4HpEpRKTJHbhqGAXW6vxYNwy+3I/efBUqVKlRJpJa6aGnOOSV5Z3IIDQye8qVhWFSokqJOrtf7Wmr+iWZMlvm3m9CNK3hlhAgQIQhCEIYEMKAToot6OjrBhharGDeFRFQ5I9F8xkQ+iczmYVw2stZ+IefpvPlHR0nceXmVKlSpWNSpUuz9q+WzE5MyHr0LNE+gkSNpyRb7j8Qf6GunPK2HVgx6aLZyYQIECBAhAhwEMCE1IbUcu5yYvXReU/J3g4VOSMb1OztA2dbLR6m/jgrEa97PoeUs4aE1fJhZUyB+i5WFSuGoO15Zz5kVWkbpgxwGYvv8sElSpUqVKiRIk9nmbTTaMm9j+rg1/PAFAM1dAjEazkOfz+0IIECECBAhgYECEIQhCp5o9McLnQDPw/ENDmBrGXhVTXMN0ZLqRZu8s1+dvMOEh0i6PJlR16aw/ectDe/E9eCpUrgyGc7PZ8+sWGkeebsMyKwUGk5OFcFSokqJElVnomYk03jJvY/q4P83Wai7XoB0YBAgQIECGIQISpWAYBwWw87zfclcep+5tLAjazE0ZcqNhEsdR3l1bNma8beItnG3PfOFSsEL5rVEql2G6q024alSpUqXfDQ2ZkBLL1whGZcZtvu+usTCpUrCpUSJElSq6JnZKQtUZHwvWDX8tYKH3iflgoy0hAgQQgYBgEDiDjIqXea/G3iBBdZzXnbzKAImiaMuVGwiWOoyqD+vl+JarUz0XprwVKlY1KxqMvtTCIEEbHc3w5wUJqtmZtQn5lSpUqVikqVElRsJLo+awbDz+yGQAWJYn8lZmYZ89TsRkCbsoQgQQIGBgEOEMSVK4CGF23Us34iQbaBX5J12I3LlXKqWgV/c38wgoN6A/MZkWo08W2NSsSyE87ZCjAXpp6H4msrhqVEiRlSokznNur5fwhgzWD7PJg3/HqaG2tXkHWNjm5LTZDEgQIEIQgQMTAgYH0DAw6goahr0SteSGlLtjxLqa4Oj5DcsHPZ/wBMKCNSVgYVjUSIbbENmMKG7fc6QY5TnBp7/hhUrhqJHBMEnhGePh6zoxdccmD/ABQCgGauhLx8j38/xCBCBBAgQhAhgYhwH0CGITIh9naQUyDKyK+8K5nSwvQjvCpmRRdroX3NJQpyCv8AuLynYplcSRIy9bWw3GXoGQrVbkM4KgtjciF6vmDl3JXHUSJKiY6FgftPMiYB2Dkf0yg/w1l4msqf0u/SEIQIECCECBA4QhhWBjXEesWlI94ZfR28dyLll9sqx114O9MELChqdyZ84FcFSoPpOi6nmDcc2Ul/Tsuj2eJJUz3ePuZ1leP2pqRFmTL6fgxEHJVJ146iSomKYLfOzpXMg9wdNAfc5kH+Cxwgfcc3Qigzr1C84QIQIIRq5HPdOjeMwaWWeKVDAhKwOGpXC/nH6jnAb7anrLK/pteWUsqV9WoradiyWENmF36ZQFa2Zvq24qjaxGRqPJC/hvQJg1fMprbd6ysExrCokSVElRMH/nZ0rmSz4edZA+5zIP8ABcnK4IWa8J84CEIRmBFAWrA83z9BemkApeLsErn4Jfl4DAwMa4tgHYWfYQgnrJvtoTNlfw6lZJtC3OFue/xLu1s6rs8LM/a+55PxAvhvQJHTV5Sry9LmpxJikTB4HsJuilz0kL7ejB+sy6+bbZ/D74EIQjt215DmuxLpDav0eTDXS+o5c3sbQxqGFQwOJjklrQvzAvOnOeDaVcqv49Rmi1CyWBa9XLoxgwZIlJK4M4i8nXr/AAlNORbgzXMT8NRPoJL1Om+m3/srkd6Bz2JqYJgk1OTNabylzum6haqGf1GUIXEOzPxh1Vd13hDAQDcbksnQ5s81An5rgjp6LVuesCsTEISpXC5ZVAWsWhU2Lr+tofKdAoIH8upTeQDM6PMmtC5rhDEI0APSNmpFPWJKlcFSpUEv7UZnp9ollOZCDc1rpwvZKHSYJgkzhNNM+jx+0IkYQyTn9SztjNg1gw5X7PV1YYECZohrf/ZrtAgJswTSUTh03Ww7xMf/ABjCpUrAOOopbbG3V6Qi80muXRAfUuXLneTvJcuXL+lUERlmCDYHZn0P54awSVKwrg0SLLTuJ8yotqgyXpfifsDCOvTBIkSZz1AevyPMH6TOmTzp8z4xITMSjq/M67Q+ybEE0jKFc7T+mUIErEMAhwgwz1XR5sAazW1ebA+lcMUE5pu/6FEWarrmxS/Hajqm7uBNGLszSFG2JDuQdVSgLPRlBLI9G5cv6CekI5Hz90OnTjqVhUrCsBbOuv21hpEgA9q7dTkyu7CgM+iHBmYIJsyEY6gZN25uzD6OaioLq62lUw0DQ6YGB09Nky5n4mS2whlgOW0KXd6fnxLUFi1d2EMQwDAhhUDhnquh5sNh1XV82BX0bl+6Y6seScqrW3NgSsAlcdwENyZYQdcmUgRd19CqgNRbrvPtx1KwqVibt6NtbJ9YZOJIGoskmYhs3VfpTHBme9ylu/xrDfnZWJ9BiOOl7t5218wwIrEA+6wbxep/BygYMuzkX3/wffAxMAgQIGNlNVCs3VCQV9FclciGal0v8REimqypUCVKwrGpUqVwehpqPM7ko3IPGbA1aBJWZR3nNx1xCklII9Zrq2Bs6PvwEgfYkmf1Kruc3UlRws0CFd0v2NfoBeoNh+bFergQjiwvujygxeanvxOXCKBDgCEDhGkpl5aP1nA+iAKtBuxWvR3w1KlYViHDWNRMBFIgCr33aDx7hNkzbf8APu/0K4aSNfzPn7w0xqWNg0avYdZQUzNvYGCTNrV9YHZ0LZ3PDxMCjta5LWnz6QhCKbRnGxgJxQGxi6S/1WHZm/GFY1AhDGsGdrOX70Qz+ivpGRaO81hUqVhUrGuCuFJU1WZJvK9lHR/esHiqacGY9Aw66XXbqOnGxJUTC59f56nCSLkudbpzeUUKIhkjqMZUWws9tAFPPxxGdo1OhF+uu6bHpDAmYVlHL+X4hiy0NnByXN+IYkIQIYBKhZOQs2N2UO/QfRWUtQ6j7SpUqVhUrhqBKlSsaxSJCyRpMxIeZloufWDxJNTmQAz3D5mvCx4KiE/GXn7TfLThYNYGUeT119Y4PeAc5kyygPk9eDaCRzqBsc19jzgQgB2IedfaVpmM2Dg1BG1Erxt7QwIQhAgSsaic625/LD6Jb7yHWKpVtdVwqVKxqEqVx1w1EjNTdac42V8ZowrHunJ28cLpxNCc5nRbbetcVcWovK9ZZ+zlE1xXfbxaj1+8MWIA9dPP4HjAhHYNk+I9r4X/AJbJNFurDgECGBhlSqzeRuwLqYHT6LNH+6dZWGuXxUVZRyubTh/5pP8AzSO35oFovcZyn67iNJ3EqVwVK4aiRIk5kNrk8ZljaVK4iuLn/wC5WffiSVem26DX4ZWD0CkDd1/PiGTiVCsBvRNbd083AgR1SrPAB97hwXA1y+rUIQxEIcAHvnuvtXr9E6S6asg6G8MFHmZEzD0jNDTz3lXKlY1KwEKIdZcZ+lpM3qJUrGuJiYWkGkzGABuZ99+NBsSx2nKCg7bfT7NT1/4hxFuB4tB6faJgllSu1h1jLF0lZp6/srzCGBAP5nvmffhVfsZIQwIQwMKmmcIakHua/RdJnKWiaQZKMiV9OpUtGplUytho8NcDg4PZdH5uMysND5DT2+30XDyYg04tQHHkqLHXvIYVL0t6RDk+4Q0jCA9zaT0PeECBM45E/YEHCb6JfZgQhDiWtph0M4Zv8mobBZqMsPxuFcTwdI83beHHU+rPz4nFweT+9oacW8IQoyfm/nFd+J9z3MDm1EfyCc6PuHAwezYaq0+LhpLNqekzECEIEIHAbeYU7v8Az+YTJHMltDPxkxYkVVt1ceX2hPEpyaGTwpwjOgNOJlT5n2Me8m7LT94FKQ0ml7yoWJHUHAhB6bOrB9nEQsi0PeGIwOA90b+x9vqXLxLly/pgELHaabnqMK4HFw/d+4cTKPg8vpdA191hpxM7KHsYuh1yPE6DXqJzQI+VQhgJVjOr32XCwGl1mPXX7QhCEIcDiqoU75/P0rleJ6xauuaR/KHrOonUek232IHVz/iRRDU0w0+ko8TyYjIpMnheH3ZDTiZ2n9U+kpVyEHt/1x7zqL7bXxgz2rOqy9kpHJ+7gIYCZ0Wo8NnsnC6QHak6n/YQwIQMbAN8p0RD6FwAVaDdmsHnEbZc14/UZ5yngQy+kysGmV78LgxjB65DTidISN/unieCh7Nv10rj1B6eC5qo73HNx9uzpUPslo837uIQwXI5CHSqfsQ04Qwtf4S+oqOsIQhDAn73km7x3E6UHvEFvJw1xZbK2c0AKCg2+rzI1JtwscGfq/UOJ0h71eIcQBpC6sAvT00407bk57vpwMFr6q1BFdBSU2rSPBFBwGBozeHS0y9+IxSVvdg/mEIYGBP0vJDV4wClBqy1aHAuXw3qsmgwH1nWU/twmODL81M3fjdICd5h+/0DANzDtp9+MwxZrcz8RHBlp6LOw/DBdZoPnal63rCKGBkagDuTrdBs7nrxOlTtDswxqqHXA4RKuuaVB5l8TMomRn+PDcuXKpGXOAAAoPrssHkPExmZOZhxs7V+z9Bl/t5Qcw/MNOJ5h2qiNfaO6xjGVssL3z2PfBo3Ml51+R/7Q4QLnJ7Oz59eIkHQEHvHchgOBzEhHdxxBoYXG1UWy5fFUCb0GX13SHP6peLg4UVm8viHHq1DKUmvtxOGciKQhUbiGV6m92p84ODkdIfOrjPPQ9KhHSbqa45at9zzCEUUUZRbFbm55JnBIuIAotFJKTO67mgwOBKsxLlnfzw7Sn3r2JcGXLl4XK11EP4DpPdMb4M/xr94H0Af334gUH0Eeau/u+ONnbA+xEfM604GpAZvTWYZuK86P0R9ZaC7lhrFFFFFFDs3tbvl94ZcVyY9d1zOsDHrt84hwruXRHU/5wnSXbr5ZcuXLly8Ocz9BDT+AxWDkY8FzKF0wGxkfQdI1ONB0f8AfobDqXt1gnVQfnioFWgztmovIpo9/wAMWORNtOjVseuvpDFmZDUzsnY5HeEUUUUJoAVb0nzB4UizI3LV85SzzTRNkg8FV7d9t4hzMx4HSeLhcGXLly5cpm6e7+CzegyEcdWtYIpvZyd4H0WaJPyhvx3OqksZ/wDeBw6wM86B9npzl8DXMrB7eU1cNqLz6RrBhsWy8AUUR8+x2mVTdurmdIPCkug6udHUlFAZg0PMhDAnzojk/vKGLpBT6yuXBly8F5T2X7fwecgZd8HBmsjdaEDUcxwPosy0vCm7NuPPLfeen7M4Z8OspWGsfIfmVRwIgAPuygv9xtoZcKTJbb5rr6MWkFLSoMUUUU9lAU5PSdartV05kHhSKNBmWrzJSe9DiQhL6q8JyYZOLpKudRLg4XjtP2XL+AyuTL3sLkuQTePGABBsQPpKAq0Gq7RRW9M93njsS2RKri6CacDQVaDNXaMXUyHJ6eQ6zTgcrZXI3nNbfuwONJpNQuQf0pi0EpaVCEUUUUbox9nmS1AHdn/gg8NQeO0Yej/5l/MIYDAbmDd2MMeYr/1jcvguB+x9dhX6vRAbQtyjG3Tks4fqEr6azMRz67HGv+bjoObC+bu+vOgVjcL/AL51egbsZHmLPub9o8K7p62IM36KSlgVU5Hl+c2XzOg5juQYooooo87KkYOlkHJeQ2mkM+FPJERDz+w8mNBKkKTBnIaPUCUKpY4jmIKZrsP1IOF8GsNT9cxsLNtiVQDpK+osy0iy8vNHDKtWq43ju7w7Dmza+uv/ABAx1hY6RN/q/iN9sL06A24HDN4+kavk+WDcLsAfTqI+RTU5qKiWZbN05kGKKKKGcbAWToPV8Sp3eNO4QeGpTyKF6OyaPnlFDpgmd+mcMsGMdg6rFy+G1slA6/zVzQdf/q9I1pdqxvF0J+6mr0mpg62r1gYXBwb9XsE0WDrJ3X44rhFWo9h/KGwJyImn1KhmgqQsSCEbnz/hmaAopEpGKKKEKLc0o+zzJQh5Y7m0AWFYliS+CoTiTULGXtdc2y/XKJHywsyJnQs3Zy7wcEjOjPt8umFy8dVpuaK7Z/LWUx8vbq/COJXe44bi36kafMNzowgVLms0R6CP4b8b8zWjk9ri8BxhctugcjrA/hoqAmn16mrpFG92b/eNKa/HH4ihwgBCjOr/AM+Jcizfye26XXDUpKZpp7DHrXWQqlBMwqnMhpjpkvzF2YHAcdNG/wBmGX8i4BbXJQR/kNRm7PmKqqquau+K4IXGhWsKsDPPD5TWaS7iS9as79s0yOhl2zj1yC12JmPVycnK/wAQNjIP4VQMJ0Gxlwm2/uT/ANTMSEMlFJBg4gQNzNVGecCCXMIv/SXw1EaNBmZDBJekZd3Pf+DBly5cuFQR1Nv5g/xbl3C1+tZHdhKh+zNcbwWoBWeQHQ3m/GVmXKlwapzif4JrBN/U6t5pjeNxKewNA5rsRcfY0/d1gfxagRfQ7J0eZDFW8d+/NBgxQcQG5pN1bB8vMGoc2SPH4l/QqKzNqCOEUS7bTtLrpLly5dMKj57flAE2aE0Zf8G40FWg3lp1JZeYuizv16u80OmF4307mUfMaKi0p6R+YGXIwzqjqdgnKGt/4I5qra6rmuFy5cuXLmrYUDXoN2Za155x+rA/j1AACZIljM7avcXT9EeGXKf+y4MHEFHJGYEpJ7SBHneJys1Mu8QfoVPnzfPOZWJnt+eUIuXLi+vAqy6XyQRaBzG5f1LmbE0C7fsEN2N+AmokwfYMLly5cdMxVfI+Z6XhT43hmAGQGhgqPcrZpsNDU7/kihM1uLwXLly4yYqDawwKktv18QwADIDIIFfyqm8Si9VzHaPddqa6UckaR2YMGLAGDGABaqSI9nyjubxc53+XKDx1HI7ky46Rk9yCNA60uXLwu/emjPcUCUWd7hK8jslCzJ0l4LxKF5HNhd90lAJDsPrEXky1onaPP9g4FwG6M+QzZZqddt0jkCHY8SgAUNA0w1a9PQTlmNPtN5y24vTsbY3FxLlxYJFftl6S2lTIWbociB/OqaaDllPhGmqFbQ8uSDBwFCXBnVIz1785Ut5F3NpmEnXYweOpUesjvUYu0zIx+VurL1l4Xiai+oQWjJ64My8tMPyH4JsH2D4mr+Ks99ucLxXCxBti2JvVn7R87JWj5hLm0au7KmkNgBqqglIrNSk77+JlSOYvYOC5cuXLiqXodrKaqZ35dvwTJaMOggV/QVGwiWOSO8XBbXMbt8In2asy6lvFFCBwGXCzOde8S5JtJ9VtLAiJomjB+hUp8TMAbqJmOjy/DE6sebuX4Zsal8Ay5cvE95qZX6rcfKUSTys5WvIl+0fmDJea63rKlYaxZdW/6nwlwUNsyD+fPBeFxZcWoZbsP25zZnkHPd9gf0lROc1K5nYOtfsbvMZmzdlgEDLlwYM8kua/G3iUyHIzPb8oOQ6jL+jWAqFyhcKzvak05XXj33J8R24GZs+f7zm+KBuzPtFz7E+Y+PtEJlicoVgqVjcMq7ZnPxt5hjB3UyOqacFy5cuXBE9WzV/34jRq9vM9ia/1FR2N/wCyJZX36+sfIhRRyTJGEEDLgwjWIhDdvw5Q7djTnvDvLqDf1qlfRuIOd717G8qBf0VXTlFIlRalrLwuXLwXLnO/yHqO0q71Nr3gWV6BQSv6uql8Ru89G8ufPbz/ACwSCBlwZeDxtGzM7QIZOzyv+pf8a4MdVW15N4uI+HQGxjcuXLly4TTtLDAI1L636aTTgYVEr+uqJkjmOpziOdTbnddniF7S1q9phBBAy4MuDmJkmYyos66h538wHc/9EQf4VzIKv8DJfB1TPufGk0wuXLly5cCQLaBayyfW1X3jngIe47wP7KprIaKxioutuy+DzMv0KdJCCSCCLlzOQMukgEE20PDbvAJtMljB+uuSuQSofTt7PN7TULY1suXLly5cuLUVT7ofuRC7mN+I6QP7apS6To9phS+59wDU6kL6MIIIIIuXL5mtbm7cmXRR3pnbmQfqXKzG8x2yZu5upmOrf7Y3Lly8LmQWcn5PghaM7F2JmwK/uaqauAo9E+SPlapyPMdzAQQQQOGfjRdJBpfIJk9vzM/CAtjBv6FxclcghbGyVn2P0TM4AvNly5eC5cuZKOgrWErFrs+e/YmXBAOg8QP7youP7DTqO01F3sz7DfuQtCCCDAHC+Ijeg8OzFWkt0fu8HiuHavOvbJb12/VFv9sLly4suXheGwz9MG/fSKUlrzj9WB/gNJZflyTsc3tNH1YpIMHAGXiBDMrqYOaDgV3uTB8mNwUQDNVoJaLs1fzH2mrGxreC5cuXGEDQbWZt8Z+fyH2lAAUGQG0Cv8FUMdufsvxNf/yzLpeT0gwYMHhVBtW9Z8QIDerVck2ZccWe/fQ+ZlGA2b/dvwXLl4mpknoLq9I+J058HQ6QP8LUL7NDsZYKeZ5/MPtgDBgy+B05yhVh1I1ECvXATWUCbWXjcuXLi1EUzgsg+HvDqtWjIH+IqoaDWrXi6us1SVBnBgy4MuXLl4XguXGLjdkpbVGhGoWa/L2mv+LqMc2dVcz8R7n7Rc3fmhBFy+AXLxLwLBurR3X8R48g/o5CB/jagf3odgievBtfZ5PeFvpGC5mI3B9vfvpBOeuXNd2B/kKqOozOx63J6zVkOvuczrwhcuXFqMvazZdXkOm8MAAUAZBAr/JVOTgrnfjpNf0+CPPpLl43AgFFAWrHTrNsz9vSBf8AlagXxUn3OsuILo59H54GCnnobTkQsAvcPI682B/mCvjR2DkzqAI+rznSK8yMsTuiwjUOew/pnA/zWkt3z3To0ZkcUxM+g5ED/OVK/wDgJ//aAAwDAQACAAMAAAAQAAAAAAAAAAAAAAAAAAAAAAAAAAAAAAAAAAAAAAAAAAAAAAAAAAAAAAAAAAAAAAAAAAAAAAAAAAAAAAAAAAAAAAAAAAAAAAAAAAAAAAAAAAAAAAAAAAAAFJAAAAAAAAAAAAAAAAAAAAAAAAAAAAAAAAAAAAAAAAAAAAAQILAAAAAAAAAAAAAAAAAAAAAAAAAAAAAAAAAAAAAAAAAAAAwGPAAAAAAAAAAAAAAAAAAAAAAAAAAAAAAAAAAAAAAAAAAAA0eIHAAAAAAAAAAAAAAAAAAAAAAAAAAAAAAAAAAAAAAAAAAQAJdoCAAAAAAAAAAAAAAAAAAAAAAAAAAAAAAAAAAAAAAAAACbZvo9AAAAAAAAAAAAAAAAAAAAAAAAAAAAAAAAAAAAAAAADq2oG1sJAAAAAAAAAAAAAAAAAAAAAAAAAAAAAAAAAAAAAAAfXmDCrOKAAAAAAAAAAAAAAAAAAAAAAAAAAAAAAAAAAAAAAVbEglBtI+AAAAAAAAAAAAAAAAAAAAAAAAAAAAAAAAAAAAAApgI8wISRxiAAAAAAAAAAAAAAAAAAAAAAAAAAAAAAAAAAAC0j2YiUqfxdqAAAAAAAAAAAAAAAAAAAAAAAAAAAAAAAAAAASn6L3UZD+NJCAAAAAAAAAAAAAAAAAAAAAAAAAAAAAAAAAASUOrayED79b6AAAAAAAAAAAAAAAAAAAAAAAAAAAAAAAAAACKAPcUfwoyhug48AAAAAAAAAAAAAAAAAAAAAAAAAAAAAAAAQ310rzVi436JjnDAAAAAAAAAAAAAAAAAAAAAAAAAAAAAAAAoNY1VS705bfpdNLAAADAAAAAAAAAAAAAAAAAAAAAAAACiAArUZOthHKmALPXDAAAdIJAAAAAAAAAAAAAAAAAAAAAAAU/AAU2HOxzpAl0EnPQAAAqYDAAAAAAAAAAAAAAAAAAAAAAFhOiAGFQk4s/DYfxneyAAI3GVAAAAAAAAAAAAAAAAAAAAAAQ7+nAOq320Bmi+tg9mKABjVe6AAAAAAAAAAAAAAAAAAAAATVf53JTVXW64JvS+JzL5AXWiU/hAAAAAAAAAAAAAAAAAAAFImDidGAeEjLnce3hUWkyAHMdU5hIAAAAAAAAAAAAAAAAAAMszCzOemT0L/AKxExwYNrfa01iqsl8AgAAAAAAAAAAAAAAAEdHBSS0oNrSm38QJM2fVIGAx4wiFTMoQAAAAAAAAAAAAAAEpXmyyeBLyhFyXR4rej/b0bTCiCEZoCtZwAAAAAAAAAAAABDrfCI/vhRcJ/PoUND7dXZgdGveuIlwjVaTiwAAAAAAAAABTPHZ9EHPQIxzv/AMkXtYWrD5BGkuD9ufuxihBAIAAAAAAAAAhMqFkXyXhlPHv/AIx4t3jB2K/d4cegj7MaPH1wUIAAAAAAADO0NandtYXs3Pd66ySAAAAAAQj/AM1FzVuJeqY3vNgQAAAAA85JREi41P8A2kDzzMAAAAAAAAAAALiutlieEfBtFcjIIAAAAJj080I/9pg1QtEIAAc+3LSqKw8ABP147nK9E4G40g+cAAARLjhC/wBx5Y3VV6AAAEo//pqpAcRwCACF07TWry6omj4lKAACqk6FoIfisf7oAAAEKOWyXkl8OwR4IAR9IRVSaw9Ag/dGAFdbGBCk/wCHr3OQgABZfIqx4aLdPsiXKAgALykzqPmQAN83AFGy3AA2UQfXLwAAADE3tqSTU8ImJnxGKwAJdTEPrUCQFTxKZjf4gE/mIGJjggAAAYQAAAAIFJBtdvDKAAAJLDzgDaQAICNfEwIQEqx5M7zgAAAACAASwAAE9PtHc9wCgAHr8N3K6AALI4dSeigF9o7ArSgAACfkQYnCgAAEeNJQ/YqwAMXwO3pQQAHE7CHMHwAP+nl0wQAF99AQy0QAAAAFpW/Bf4gAIF3a4xAAF8YhO2L9QgJ1Ql+YAAMQz4PSwAAAAABTy5f3QAAOYlvYUwAAQChk3lBbAADp1fsgEisU8OQAAAAAAE/LCdIwAB0odqC4AFplu4kRlfTagE9Go1yQU9FgYQAAAAAAEcMXwAAADqDHq4gB+iN/QABbJviRQAaCLAlEd1QoAAAAAAA+aiQwAAB7he03Y1bswZIAAAMaQpV8Ak9r2gxyhJGAAAAAAEq4AAAABsVMQgxPxywpeQAAAAMSgzJm5ScbM1B/ldAQAAAAAAAAAACxY8FgJrlXtDmQAAAAAAA1ruaQFrG8w93BX9xwAAAAAAAhZJrFxlIgRmGKowAAAAAAAAAI5DRybfiAAE6jDOh7BwBgoP2vVdFUAu1t5yYQAAAAAAAAAAAAp/r6WGxAQAIIxRh9yKjv1ZCOerudB+fkgAAAAAAAAAAAAAAAAFzlQ1mejwAAkwYLKUcYIEUyIwkqmIQAAAAAAAAAAAAAAAAAAM/FBv8AE/8AIAAAAAAAAVdw9l/T7AAAAAAAAAAAAAAAAAAAAAAAAA/Kb8jpvAAAAAG+ZA0aBOjAAAAAAAAAAAAAAAAAAAAAAAAAATj+BiXP9KAAe05My+UjAAAAAAAAAAAAAAAAAAAAAAAAAAAAAAyf9vVwykmRBVSNbhAAAAAAAAAAAAAAAAAAAAAAAAAAAAAAAARFkvWfH0e8yKRAAAAAAAAAAAAAAAAAAAAAAAAAAAAAAAAAAAAFEBm6APQAgAAAAAAAAAAAAAAAAAAAAAAAAAAAAAAAAAAAAAARSXyEABhAAAAAAAAAAAAAAAAAAAAAAAAAAAAAAAAAAAAAAAATbT7aAAAAAAAAAAAAAAAAAAAAAAAAAAAAAAAAAAAAAAAAAAAC06AAAAAAAAAAAAAAAAAAAAAAAAAAAAAAAAAAAAAAAAAAAAAAAAAAAAAAAAAAAAAAAAAAAAAAAAAAAAAAAAAAAAAAAAAAAAAAAAAAAAAAAAAAAAAAAAAAAAAAAAAAAAAAAAAAAAAAAAAAAAAAAAAAAAAAAAAAAAAAAAAAA//EACwRAQACAAQEBgIDAQEBAAAAAAEAESExQVEQYXGBkaGxwdHwIOEwQFDxYHD/2gAIAQMBAT8Q/wDaAuURM/8AOEZYB7oTAvG+Lbo6PZxpUpp/za86K+Ap5kAmwpI1MTNbnyZPPt/murMAHdb9vPgtynFc9ujk+OkYjSNJs/5YtUrRj5Wnlj344dY+nTsyezuyxX+VrnK6Gr2MYQOgwDlxQCixiqTHj0bdT4df8kLalaccHQZvdw7O/E4Xe5dW3f1p0lj/ACNTrFdtT8c6g5UAHQ4acDgKn7jR449z/HtTGdy8jTs159DjymcOFkDFj2cH1vtEpT/FCqJcDwZN34ac8dMa/InJ8eIzO/xaTuF7HN8i2CwoMANvyCVAXyC+Av8AixV+xuvImRmZu7qvXyKNJf4VKhKhu2h21+O8Vq/4dqBQ7/I09zz6H4kDiudfSjm6TBD0DY2+ea/4g1Ozz/TPrX5kI0qB4rsGr9cMZYMB7HN3fpAVMl2pZHy8jvRjEmUoW1i1jlljpj1/wSIWuB1ZojZ83V+6S/xITMQstT8G77xE9uhoGwfecdyuHRprfZ0z3TKCyijujAAxymckleq3/g3aYX8GB51Lly5cvgTJwMjVdA+4ZxCbXkbHL7nDQF35wcG9Bp8nnppvLmH2mg7uPqitfhrV/aGMxKDzKX1ONPQPVfU4jwuDEC1wisvS9z39KJdgHjGRs+XyOdy4MoHn4MD1fwNm00HODw2Roxbs7FpR7xKa/sChtWjqzUAI80WviYcuL+jY4XLl8LmJm7y/bLpcVcGg2+fwPWucuDwZL5B9d+ItUuxxcOjJe+RyvebhhDrp51BX9cF4S/PDCep7Hmm0turPY+SwUpwwOk+o+0uXCXLhjhF01aOhgfMzYlR89tZkEj/r3cYMGEtnR4Fe3EV5OLyGb8c6gEaAANgyhKEGGB6vBs7f1x5+mL2MZlmlfvu4zIKCeJUzs0j24YlyxO+XnXG5cuUw0irrWHnHALaKOr+iu8uDCE8+9eAtqDnLL0MPNvygwZSDFY+B5NeLEpr+rcmAeH4aDq5vY3jFlZHDByOj3MO3OJTXCC6Yepn4595f4LwD1I4wAbi+3tBhBgy1b0+R78MAIWVgHhhFFAysKejM2ZV1NHuY/wBQLaJ45D6Ua9jeLceAM3gMX9t3N/uvDFjSeTo/PLpBl8ajxVV1zPOCpY08/VLgwYMwQZieDZ68AR19SDBgxSpLBx5/o49F2liv6YLCNWx87c+8NisA++suXHDhkEGTs/Dr+oNdD7ZLFwqMNqfR9vDbhfC44BixPjt8QddXkmHmMuXCBlrM8Ltn5KwUpLQ09SEGDBliUzHhq8m/ZpyrW5l/RAu1kQjiLFd34Mj5WXxeNO8TJ1P1ue+MaD0dH7tEdMrj3o1HJ3PProaWxly4hWAxHn8OvjpMhg5mnPt6XLly4MwCFjH04y6OX3e4lhCJyA+OMIMGDBZteI7nM/WUX5mjub/dcP6FqHTYXg267+G9svgv4sLylh0zU+fXrnFmEQp3scu2z9xhYlbXPtv68uFzICPPk+zKeIZF6nyeZ3lwZcGUJ7v1tn0uVILjo9nE9ztBgwYMGZJ0ydR+NzXrSOgpPBNz7ycf5rFQQA6Prw8duC8b4X+Fw26txg/vvL4OcZ9z4ud+Y1cpz7Pzcw/kDh+nxlyzNkMuXLgzMpiqDHj8O3wxRXJ0frPy1hpLGDBgwYMrf0dTp8ZMrvg5Oj+9zTpS1X8YXF1Qx5u3zy6ygKOC8L43wv8AGxesMH997lylfB+HxOkpGjs4SvwGzifrskpQ23zPny7ylROWPEYMf5ujs/c+UYlQzIJSYOb68OeG0GEGDCDGd5fbNmZ8jJ25Pzk+UVgf4s+JzdjV+9IMVD7bzdYsXgvC5cv8blQQ3WvWXZj6C+eXnA53dD5g9FObftLt6a79S/OCmUukHlAYFNzB8MnygWvtk+EHgoVVsczb4/cUxwryZnHSfZ7+t8oS4QYQYigsczeUkL1GvN09OkRY/wAAoLfVlJ0D8O3rfBZenPIM3p85QYGziGvJdV10DTHHgv5X4eQe7l6vKXgq8sXx+Kjp7d3FinN/gTHWuzn4/wDYDrbOf3pBgwSjzn1n6xEKhxdH4YMIMuDBhM8GHccWZu+HycNolNP5BbRLVeB4nV7ac+keAb0jQ6/GfSE5ZqbHsEAPA8+bzeC/hcwbNjV6H0ln0kzer7ZRf5DtyhwG+p139esPtY6kGGsDU2efX1lqNUGEISzh4g7O21Yna0YrTEzHM/XOEdjY4JyYgxMZezzPh1/LWqzdgzfutEIGgoIwwvzP1n6Rat6wq/29B3ze23F43M9TptzfjWJLC1+PwC8ohRNi9cP3ErB8L+J9h+5snw/cyino/MzaOsWcRTEl9xDmaPwwe+HmOzBhBgwbhKVY4Xo/DXiw1WGSQkp8no58vDYmqRk7Oj87lkAOkp+8/wALFTCjY5aPHPpXA9Xkcub003e8VJa5u7K0YMXofOXfiv4VHHlG3N+4+Mera5u/4PIOW21fiYMUuXLly5pUJsW5fExcYbmXfaKVPE9kam587Qm9jDgRQmUqE8Y4OkaephEdjMesBg7Pk13Md4Q6DQ5t3b06SxXEH5OfIZ/rnAACgjZUFvQmqfkbGh91tgW1DdMVR0PlvwIx4XLmUAebtHItftfhehADkNv36dZcuXLly5cuDMBWSCHrDb9RFXAaxJSs3M9zn6+DDSWMvgoQYZRhTxYPmLwCpSNjszlOh6PR9bNIgELGPpWZzWXx24BbUpJjgOhn4uEVL9443ofL6MW24I3WBfXXzvg8cZiH7rr4ZeP4BeENaJlzf1Lly5cuXLly4MGDD1l5O3xxSrJdNlj0anv3YY8CKENNzPc9+LIOLDode2fatYN4kAc7N1YeTXnEpqOIWvrNJIHfXxbeDA0oO2fnfAEtUPFqLfBi8KazDDq4EbE/AjmMTdDTNhHufH7isny+Zz/l8QWfkJliPTCYMNPOXLlwYMGa7XrGUzHHPCV/J3gjKS/HgRQhPuD7e8eDtcYq1XbLyqHlYU942ckj2alZSxW9HnXDNqM3qr4rw+s2RjFjwr+7Y9/xMYR+Sxj7E2+JcOyXBgxRTC+XqM+KpuUpcVXueTCHAQ32vRHN4pfJHwsfUlzZEnsfMuDd0DxNvo8YwzIEQ8ELOMfBlgsjHjeDIa8MPW/yEyJyJypT+BhLUdzeAGweAw4KrY+uHx+DLug+GHvCEIMKxy9Ec3jfuYEJ3InhSerA3V+RDwRrRHm8HUDrgW7YelMYxhLt1V8X8Ggy8Dzm6Ov2pyPgTND6eksT8WUzP4DTZMW+Tl14HAT0vqRz4uLcPqPAhCHz4PDH2/Br0wDxt9jh5/2QdgfpCRlA5E9j6X343awxHU+T0IxjMz8C1KF/DjUxCY6sf8iWmmMQA1hwEot76fT8Bg6PAhCWjci+7h6HnxNqloSnG75eQPfh0GL4tQFnNAdsH1IkEqMz0OfhQ9LgtXAWlI2dSFszJNnX9R4UaxUWmHhxLQvV+pXCpY1m4Evfm6EVnlAhCWegwPd/Dpf1J8Q4EoFKCOlqw6ZHlXEyZOfIM4AUFBCU44DTpg823vLZcBp6sHwz6hCksgjorHBOUfmWa3PnR58bkzZPfqfqF1scnjVjJb8cfXhiSGzfH72lSpUvhkYfP8GMSgeUrgFE6vtLF8QtqWT1+Rh63DgTGDd+t8vGK18L0wq3eRoe74aQhluLDqde2cdsuXA5e+fyMulc4wRM8Bitn4dfHSUIBmcBRsmINryd+m536iHsYkqjTB6OXn6xKamVDdWxElSoznd9f4HqOkAhpBbKJQcI31ekX8GfytfvtMkMK4EZDA+13mdG+RocFjD5bJ7vt47Ql0tmOPS9z39K40YEsfbo6zL+exzNx0ezBwLmYDJ9nl6aai/rDT44CqyL5zzNuZ9x84Eex+085lJpUzaT7cwJKFzHvKlcDS/MLalboGUwHG8oriv0iri/hYqYPYuXTfv6dYQIgeg1iUYTkb837h4zOGgWuRqxAMdGg67vkc9CEqPXPrx8NyWL/ATQNfZ3OsKOn6P1pntePEM9TR1Pu2UUs3sZd9n6LFZoNZTCcfJ6wa/R36OvTP1mCXuH6+eUsQ7zD1aRJUqN1N+P5q1y7HDyis34oqJeCweb438N4FQjtKGsZyh4vN9j3ypbiFmtzLtu/cJhJepZ/o5eNwhAbmj9Z+nWoz/JoCEdDUdd+ufXQWJWSZQQFCxljiN2Xbb06RipbPtvErONIRhN9f39xhqwrMMx3rOvuUWAwLbD58+u/jKlRdU9H33lj+RoZo6PE9dume9agFGUCXsx0NX7vKZgDIZHXd+lSyRenV0lD0rR898OTAAogQgi9uug6bvPLa8xn/AKYkyaHMcn7uU85T989nX15axiRCAc/bZ5kMbRs59nLxrrEZomjnMRmQRbbjoRgQlbtH4fKMVFxOzU+PiIfwolGjmPsZ+3OYUXufbb158GzAGrLUL5vY+fBjidp3WOp6Nmfd07X2lXA5ffNgQI+qGv30hD7p1bHLx2ifxkis9mfPfxmGA8zqZn2okSUXp5nRzIItTZz7b+XeIKMTx4pklDa9j7P3pMGHkPtvwYgKdz7jMUYPB+95nUdvfhcjgMUL6YzXJ1w/cIx7Z8vxMob3cXzy7VAlag5+2/aA4jm4Hhm+UtqWn6JU/ebad/CYKW7q9X2y5QIECFr6D3dPXlrMWbY0Oh95xVz/lMIZUGpAAKdmXcMu19CAFsdSJKhFYm5g+Ps2SzPpZnU17eUTiWMKwdnEmHeD8MwYO+HrACzKORnqRznhPiZB4B8QoUSqLYTZ+N+RbDmxeB8+UtB05Z+PxUUNi6uMo+uOb0P+HOEWb3Of67d7lSoEXVn3LV7S56tq6bevMjP+iLJE8g2cR7e5TzgB0tyej7NPWJKlS0Gtxn337ywJzD3NPTnF/AFrMzp0amWrxv1n6QfE57wPiZ34yekz7fXGKawGNEW7kfPaUjw9XToaebwIRA9BqwtK27LsZvkdZY0ufsaRb/AKixTNr0dOjp5nKG063M+2/bvUYqVLQOce5l6POYAdRl+orN/CVK1yDOFmK7PdM+h4sBBQSoECXvbMjvr28SXaw2yDt7584pz/sO2TxttHz3x5zDkfczM78RCIwBxXgem3p0imgNH8kyR6itz23+2koJi5rm/diBAgQG3ks++3fHYZdtW1l3dfTlEzf2xrKCLD7mayur8t6OjyeyxhipU7o6nR9sog9q9zT05xWbibcroZyuxHwHV16ZdYAAMCBAjSoay/6lq+PXmRP75YILt3R8nns6QBeWTElRAhYwVz/B226PZMolKk0dI2DDe9jX05zMI1XN7+xhwCBBE9Dbq6dM3zmPA6bHQ+87i3n/AIIpiS+OGo5P75/8ljdDNZnyc/GpUrgDAjX53OTcKFECBMAVghTr9PPw3iirn/im3pMmVjmi6Pw+TyylSpUqBGFQ+93lLLpGr1+MuucTN/jrFdsnP5HLw2hEStSVKmYlcjV/W7p1ol/8sgyP3u/8i3n/AJIpiTUJ5+42frLq2a7js/ekzWvLdz5HPwljZeXI5fc/83A0fJ6msaOVmv8A8k//xAAsEQEAAQIEBQUAAwEBAQEAAAABEQAhMUFRYRBxgZGhILHB0fBAUOEw8WBw/9oACAECAQE/EP8A7S4KKxBP9dLJkL2KR5Dyff8A7yIh/WwA092PajDwlA3XHZ/rbDU+C3zU0mmcf21DfTpuf1cpSYGFn35qaGnJOX1+3oon9UavN1yP2tIlW9LU0kZKEl5PPXr+w/qTZZU3fvwdveniNX9xWfvpVlcT+ocuR5dP29KMRp4lFQI5W+vrp/T2oxas2BhvvS01NTRwc7f+/udQf9KFFSKpdx2NOvtzpaWpqeIrb5PesEf6RQJaCUxyPmmakrwLQ1NDQ0qQzNCrp/0j4tjH6pN/4mnoBwBooqbS+7L76VH/ANGwLFq6dvl1+v8AWmjxBwSdFAhStGQwM9XX9t/RqBLTTPwf6w700WlqeA4BQoUvg3dqte64uuxt+abpYqPLkGL9H69BRiSeV7f0JwLH0Y07meHLLiTS1NDU1gfGLp9uh8UUGPJ3f3KoUx0q6aXPIcteeGk41CFlM81oo8BAcj+hipuwOt3xNLU1NLS0tTQ7Hzcg1f18KCOzy6v7xTq9/bdptMZ3P/HvnpQ1e5a56YeYqKPRdj+SUCWt327Mh7PF3nnwezU0tTS1PAFRdQQG6H4dHvLpQwGOVMttxdWnI8u0cC1TTt3XfY9DKUBddqdzZDBpF++P/lAA/kKhY15FKtnCchg8PGzlfKljhNLxnxth3/xjzSoU9alTr7fZ9p2oo4QHWr86cRRUspvzZHTHtpU1YD4z8VbNP44BWkM1c+zu+29RDIJ8nkKiuDmOnyfNLT6FihWxC/Nu9sO1PHYS/B1y3isVP8DoWooeHTTyrxcOWG+Q+9ppYeVu0qvdvEuZh4jv/HcHYx+CsfhpMYIezNCEsgnX64MgxCHTHxNLU+iaiyJ5TfxNRLrT6hl5YO6j0qKOLP0YcJpZUgFtj5t/aO7Q0NSidnM/yfFCI/i37PKrv3L7v+YHWmpqAWvcbmZ0x67UBCr1pT84HJw7YczhPE9x91OAmlTugH514nCKOUnZfHDGabFiXvRQ0bWEZOlYPFx8n8QCqmRviPt/3SmpqaYmMD970CwnE0dP3Pg8ozjcz+m/OudTxBdACeTZ8TU6aTQSf8hxwqajW4h7kPtwUTL2PQqvbZW/NfcKGN/DfvLA1fr9pSdSuNNLS8MfCxNT7Mu2bR+YsH4aOZSDcMh7Pnvr6ZgXO4YPU+dKfJYOos+E9MEW3vYeQKjKKJ+BoqeBUV6xrgG7R6+87UIkn8GaEBi0kVgwND7c6Wl9M2ZMzJ/3R+LMgU6mZ/n7aoYetIhxmwDuZD45OKg4TE4xxdWGp9mXbOpgSLhnt1PMTh6UsSErQUvsMf8ANoo7tPjJJ2Y4FHATW552dqEtd4dP3P8AgWIxad2te7ry078mlp9RyIM/3tT459m56e25hX5h0anRvkMeup+tU4Gyw66e2i8IrHwsszc+T5xPguLGA68nw2YkOEcZJrYdv9Yc4oRIz96aIWv6ln4evA4FDWLwcTU/YOXcT7Su46P7x/2OZSpV3F+d+2vBeD6yrRNqXP8AOnWoh9rB0+0VO+qXPewdT6jrUsu8u75nU4QiMQ1qKjiMM0QpZbmyeuPcyoFxsVv9PzOVKSEJjxKGlUw+Zk8/upY2zMz/AD9jJQgk/wCaglrVHhsa/W/KlXGlpqan0LxLcCrdyzc/zolLgZ9/sdnnVpUOakoxiXWx+nqNSS46YP09zlU4y0SPSSumCamn1vQEkWD+z/8AKIjuYD867XyZOJwDRRoSiJWOJrufpPNAz/yYPB5cj9zypk5X92KWKWpqfVHomSWgL7UWNjdDxj4rCDoL8FSSG0P9daUMBnAPWGPB1omBNQvBo3/8q/Wejc73TzS2XqXO58w7VHCKWZ+B1+/8otF2LaJWAc421OntG/EoaGhplJCU5JGVy2c/fK9To/4GpMfBrT9BffX2jgtR+wxXA/aY0iQHtOW4ZBlmudmPXNCSN74GPeDeiBE9bDsfM0cNgyLFYK9WNAMWqdGeuDr9IpSeYLnfLrHFWLtfzD2x1o4KRZGppzPf0jQ0UWuUzPb4ffvjrQ+oDZUrL3ewyOue3PhNKnNM3l9+9JyEBhq6c2kTu+Njl6Z4X8tXI5v50qJZuMDkfOO5hV7CX/oCwRPbtSJDwHlp7cqaoBk8HMbkRibXi3W1WlycThFIbKYya6zZ6wJUdbOCYP8Au1FGHhLlBmBYfPJ+zKi9z0qXDycj9vpSdJW7U0yB2n5h796lYvltV2/lc3pgddfUVKKDPN2PvLfCjkQZfLq0EWOKgloJdOhVlAv4vh5q4ypuDwD78BPmnQ/BUWN5vsaGtcjftidaxRxNgrI5MMxz1NvZpwF8nJNTgegpEG1xzPs9ilKEmIyplvefNtv31Sh/VNTT9nR6UiSeiRpea2PfN2w5zwSTdb7HPPQ6UYMQ5bGlSmvgc30X6erCnLbiOrofOhzKOgRGBp6AIxaSYNbJy16W3anN5sDkYHThHoLXKWDaMXTF3k2oCWMyx6an5CgZ4EmzTh9HV9a684aAmB+7erEZQ0QXIwnJuUIpj71KFvNX0+MNKKaTs3NnTr786IxxHpLdcP2k0q3W9CxlbHWizh5Ob+2KBFlSGNrnm/RHdqfTiJvgzelFRGB9voOxjSL8UQfk8sY9EcIqKikJoTBMqYKMI5bHfw7OIxOACGpXg4vh29sdRdBCYnpKkZvLsueEOCFidTUpImO4/HM+nOkUkJRo52eT7+uAIsqUFwu83Dse9TUimg5v0e5QgKSMM6gLBMcsvEcJ9Foc3lk749tKACDiAVlTpbN9tHX25nGKioqPRHDCpyamzXnrvDnFCJJwBFUeWNubJ7W7cD0Ojs/D8cSBXx5jLrh12oIpUWGDmf5PihEUV9/8KZrN8ZeKmghsZXXDxHDZQvYWix6ZdwW/Iu+PNDJr6MKgS76HVqaHNLY6TiBpNqNnpD5fqiXl5r4ijS9/tWAQ5fZRZV5iHcj5oF3Jd3MTnEb+iOEVlkYmpmdTtjRRZEE5PHCYEO2j0acHCWeZwnihaCfPxSkPCYKnRh7mPmaJrCMlBOYMJyathhiDrj4ngtqIAyA7HArH+FxOM9c0Hu/FBBB6CjBBGHU/fNYhdrDD03SIalOZmDyfOPPClMIfpNqj0tIXcdWHmTkHGdpBhYnwfIvX0uOr7q8Y4luad7nzRU+ZSfJ4anjzV7WPd4ODSGZrwFng27iVcs40UUcL6xj5Dx6sQ4ILhQbB9CAhpk7ObR+nM+YaAmMThHHdw7iPtNDJPHlFTvc9nv6T3PurxjjCPJ7qKfYI95PgpxaD3eDQBZi8cINWjSh5e8lFFFNAQwAOxHotpdptvNcB8vS29TJY2R5x81+c+asPUM+81AHLCRLyiO72aCA+gAqsK5LusHo++3CODX7t1YXGTaD4T0tHwC97fNCAOJbmvaxRQbeh81OtR7tPCacz8j3jpxnAXcPN9Pu8CisKvceNsMaTpB/F20OrfDjayh6m7toZ4tsQJz9TjDRHk1iMCj0tweD5D5Gx4mggjir+Z7vCON1mKOhf58cZSkeVv/bzJRUTWQ7E/NMJZKd7ns08JpNveYd7nOKMeBBCSIdxxrD4xHUy6670UVlajyhv3OLzd8ew+3xNRQVFGAc530OvtNDM4vriVCNrPe/zximgLv8AA6GO8+gXW+wZ9z0BQErQgZI64r3nj0wt3I/b1KsreimLiiXm/wCW6VHmKW5lzvhQjHgyJCUa1WTR+nLbi4FhdaOZyfpypuECyUcLsyPgPEPXg4TanItoB0JfK0UcCJXvcv8AF+r/AMHKqWbx2A+ODVmliNd22ZrjhEjxxMsqjNPy3fEehILR3ydsecVB8ARGLVwfmc34O+dBTuFl3kZdcKuTi1J0dx1Nv9e87U0VHN1ZNT7Mu2dMEg4P79lx0Qctg6NHfR6NrjA4TE0owqX3GzmY9z2oiHBBJf0tFBWBQiZAdj/g3XYJeRS46S92aNqTIvUMZkYg56vjnaDNX0YUYl+Dr9ViIKXrxFO7+nkVgZ+Tm8Bd6VImcXwfPbXgDgVZjdf4HT74ngkcT5qMN1g/e/AqNt1ifJv79kPCSwfvjgCjbLkdvtiblqfwE/SalYvCkpA7CT5OZUC2pMmInaHyNFFOFEEbe3rNFlUeaYJjIxDm48udKHIou6ZdezUc3Diub8YbUZB6DmU83YZWrp09+XE0crYoc28Who/XeRQAgpNDhi5FTrsOOZ5aHnlnHBiLk/O3fRoonolQLE+Tep7mOZz+8OVRRUnbZmT+1xoWWHVj01PyFCyqQENIJx5OT+3mpg8wy5mXPD2q6cNZ0+jg7xvRbxSRWbzWPbHo0UUUfId1nkv19c7rpWIUyhdm7fGsDepQ8ku8PvTTHTiTlLIo8ysXLYb6vTDGjFqX0Y9dD9enroyBh/r+I4qWyn5h78poBLj6rqWaJUtjJ5acsOVJyhMqKJRISnC4aMeuvvzqDwanyZUAlUG5NJPIs3LT22KbIOJwGk4Kc8Ny4jjUrFc92nLTtpJwCbiGNsnfDtRTZ/8AQNC7UsrObIfLnhpOIqlcXhDy2bkftMah7PFYuxofmakUg115GbS7INc36996VWXgUaO2Wrnobd4zAy4/8DYKgxmMHM/aYbVI9T9mXtvxJuB2/XNmpkMtTDqY9p5UekI5lyrOpw8wGVKrY4mTTIZzZjlqeTfHgUcICYLB23b553uh3s/8JisBu1MmTT5OHztR88aTDrr7bcDzFci9K+I+79dyokAdAUbNxq4HIz8daQuXiLlLSJ8CctXftrQEGP8AzvxZp9H3n107VZMfDyc6ioq2o+HmZ1ML7X5aeeZRorjnk8S741Pw2HyZ++9TC3BfuYntvRQ1xobnTM6MUwgL7PF/FW8Vs37Y0PjahqIZ0XNhvYrBQ8vpapkn3XwfdWlo0LHYx6zwkFW3zp1pKYtrnq4HmlYDWPnN5o1vvzHP9epZJtkdPzvwiorzp+jP23qJkHl5/uVAY/6kEhpEgTRpp7rHo59fNK0ISoqKcytHDt8l6im2nB5OXXzVqbPG6RDUgGdSz/vWaS8QjyTPYoK+m30nzSQ5lWRDkp7UGQdx91iC6vum7LjRdgrEXqQd2CnSAd3xbzUKzOzsfM0EY4yLFEN10MOr/wC8qtijQYf714xV7h/dqEnJMn37bNXNu/wSIFH2zuYn78VP9ExOZ9eKjjZ3Ohw6adKg5xofh/O1Wss8UGzWLFW8zzB96Zv0CPaKTk7/AGoeTv8AasC7B960VygrIqkDarmRsYv1Ujygz5v/AIcIqKFDK0iWNjHrp56VGRBofLnQCD+JjeNT0Y1HyfnerkZ1GHXTr0qKioq9m0/Dj7m1X4vo49Nf2FDyv+LRHDFyKXL1fA/PYpEpK8IqKhrLy9PvtWFjfN6/GG1EQP5AzFmlLceX1+tVvp/YVFRRZkpAeTuOevvzonKRzKx9I8qgJL6Meun61ThWyDA/a8I4XIRqfjX9erRX1Y9DL9esHfy0BDStEmn1U384c/vuVFRUVMXmZPP9NDRtmXw/uWdCyuLhkgzcKffsdDL35VKquNRUVA2WjJyTI+/bZq5N3+fccHWhT8Y/T+3peEJUVFCqVDSg/wCa68+841L3jOpp3dHy5frVKFbQwP2uPAoKWlbXry/R7VERB5ef7lQCB/QgaIiJ0cz/AD9vUMvMnJ+nb3qKiop68H9bTpV29RQUjYpWFfL7fXfSgL4+3L+laAY4mTS6amZmfZ5541FRUVFFBxS1Cu+rI5fePKjY/pxt8daBpx4v0/nWnBwlRwZTc3T9pUXFs3N/ftaARg/qTYKlD0dNnaoXf7yqFlhi/s6OgQGWu7+8f1iTZomRb25UMEEGAf8A5J//xAAsEAEAAgEDAwMEAgMBAQEAAAABABEhMUFREGFxIIGRMKGxwWDwQFDR4fGQ/9oACAEBAAE/EP8A8A6G8A7/AMddSwqH0IzV1pAEfKWA4U5+QOHvtP8AHGNCvzqlH3YidLDIbn4SP5BgLDBGogjutdw7jKHf+NOjKEwY5InyfOEDiPLWrO7ZOcm8Lspe1fh2TURINn8ZVQYSpb5LE/03hp0oYo9nqXwlZ0BCUjjn+MrENldPvQa/KIdEsr8NRQURXbonVBXdp3lxX8YvAwpyl+IuzcGLgewh7dKxBcTI44NjtET3vaCstW9h9umE/wCxU/iy0LCDIW8PlU2AAFAUEIMIYNRyY8PxN4BVwlUbWhWz/FnipgBXJp3LwHyhaEBKZUEIgrCM1T7Y2gG1yaCcU8xbfxUtqkNUSv2PvGrppeE+wD2gQMdKlRIxvayE0eRyJuLCmqV4wRns6ciMVn8TVEznEXFSo91BvbxDlgXBAvpXR3jdLrq4pPC12KdoWw+P4mGcFVQDKrsQ2J1HLbanRSv/AIgqGHXpXV1YZC0Uk16nLAwvN5OSvWOzv/EVREKiDo5L94PlDFBQYAhmDE0dUiYYway+22uaf5KB37oLBzFiFieRP4jpD+LAq+CVaEIZLRrc5ZyuIaIIF+l0Y6M0Qayw1Iu1ul4ZrsQ7PH8Pe0I2iMKqi3nbxCGCCDWV6N0dIx1iHS3aZb4Lvao6ase5/DlRCLPL1Zo9w1dlE6U5BE8/bSGhgxAogoj6HNxMR6DLsFHJBxwl13I/8IQ0/hm0c259BKnYC4tOUJluR41eKNoIIILYMqMro6Tnow6TTQnZB9kb9zs/hpZZtCOkr1qGjoFJ3UNmHQa0FSi/Rt0Zz0iO8d62ysXY8o96jw/wugqUCdWRpsQ3RwN3sMc+dAq2o6q7zIzGzV6FSjo0ROiawUsFwYh1mefwtR+ywUzQU+/8KVEt2U3aPMU12LdoQPA+hrX4W5cqq6zXh0GCVRUqBbK6VEqJiBuPSdZ965SH535/hN0R9q6UpanYCMzVnSz2D5QBzC2ktvomE1+phcqJ1KgyxNZhcGJUHKdtR7QrtdX+EqqjMJGkVCG3bxUeVB0mtNediEGGYUNIhx16oxUqVBGDEGGIPbDWlF8CfDiDD/CKLJspgDKC8n7jtCqNO7b0gISTqTd0s1j02XpWDGBhmouQdFB5Ug2xibRFrvko7CBRX8HWiWQ2N1YU8aKuwLLzxBoNi2DAfu+lnmDr6Z49PhGGu0YSMMODE1lgz31ZZrE0Fpu27E3P4QlkydAyq7AFxAvYF2L3rjihuxJdHIYwkqdPj0eM8J4xhrceyPbMDOGJfAukee5e40MasNBYoNgAaAbQK/g72irlJ5TQcNW+zvDoqg0OjVBDDoVCA7zOMvRZax1RmseZdWEbE1B1edHc4mAyrQ/a6rqsFOi0SyovwQO4l0AhFLNZXr/A5aIfZpi5+RKoDvKprJoLYNgKA4JwwnGynWI+IUhFsKwvHoa436WQRUA3Za4Qep+d33tlGUFuRgmgBpAp0a6Rf5UTPEs9gFj1chGi7qbWxvl2jirqlpqh2Gvle0NfwI9ou9ImUsngPkEJKQwYHRgh6QA4uI9sRKxMJ6RwloAZXtM8VHyA2geYb26FtVvlgUYl1FKiFlIUfG/s55qIsXDOzHA53d2E1oF+I1hUBlK19z4/gdQ4jNaaDutB5jtwIKy6vg0OwQtCh04wptCCKJfKYW6GWGBv/syNAbrOS38TVt3+gxd26zSKEYSJCgNVXQ7y4oDbC5bvk1u1awIQxv0ftUamn+jMI0R4BQGwfwJUoIXYsPg8rPj0JxWFM9FHUdSY2BUCpbOxBY5xxmW3x5Nx9zd20N7uy9FqYgXOH+6GrFiuiCjHX5PtviYRl1xIiCbWrew+cGH+BcYPyPFq1M92g7SqDqsEHo2BUEqVHVMgN8eFU71Do0XOxApXPRaJsJr8P2ugGViM6utUWi3ex4a5miOHUWB4Cmgbu6gV9BWBf9nZzBHf03YVDKvEsvd8r0+ydSLMr1oQDz0V0BmKmrcg8orsW8QaKg6BgA2AgVFoid6MULVYeT9sC6VX7DY83MIWiRNY7DQLiAACYO6/oNqMyM7Qj2X1ypptq2tRhKV+UAgL5/2S0XBUoTgAF8r4GWs5/wBaCfZ9NipAbUD7pAMKAHSCpWd54dcp1CgggcSojnX2I0f3iDmak4TQvYwHYJQ6aioBlXAd5QMdXd7FPJpyzpU3dOERHVFK1JbEE+I5Zpb61RGQaKKK0A4amwTUWDe5V/52qZ322bOHsv3Ir/2LalhCL2KB+6r57ZVxhLh9Nce10RUyQLldB7ISYwIX36DEq5WIGk00W9rT/wCJudNQjI5kaSYvt2dPKGAAAoDToSJGExDZjceAV/L7Qa+swQEWpQG6xHiGjfKzlg9g7o65jTMRwkc729jFqf7BaLiBW3gg+WgqVzDfRa2uxodiKDYsv9DHp7ofjuFDoY4Uhh0muFIe6EIHUK6i6w23dqt71AD5HoDT+94FRaIjYZf1S8HG67AxqDX1W1YmOh1RIkSIxbhpbHwPWKioAymPKScLYeBSpQADAEouP6JR2wHs2E4WH7G0pC0eyf7B7QnQgWxF88Xv2SuWoow1s2/C+IrPRQRaEVuA+6RLxSCnHQFFQgIOoQHRXRgceyTHzKezBRfRug8QCMFK2SvFijtbvGxKRgRMR3jhMG77EFHp0lr7N7Rscq0BykxnrO0sD2APNu/QwM141HhbGLv7wPEVn+uWiEPhDDq+bPgZrIREVaeVlFstTrE1A91S0Pouh7wsg7aSxHikrtXQBUC4EEroECutDlqIczKAa6gtd1MMRaGXdrqqkTH7nukKgNCVERKuJdwaxOjdL2tSj7BDHpe0bXNbcrUdqwKNeUXNSa0PgEd6IPdQPFbxan+ubIN8EQ6l1qkM8lHgeevU9GW0Ar8ML8XtMg9BxAMApiqSz3sfhKIECBAroEDEqV0ZTqI3tr9kVq3z0e0cKNRt8xqPaVKRINYkESVL69MfyeoCHUaALTutHvFUqU3kWvBodgmv1zWiBHUNNYZ71XvEqJ91ounuXT4/1tBUq0E6uNRnOaOc7QUFCg6AgGWRKRhJjC3DoX3HzFZ1S1LxqoF2gD2pIJAhAVAuVULZlZhiVAqO7rXZwGvlgw9BEJ1sIv4iclGaqKvyvRoiRIKgjDFn1fflo+yQ9CqD9De448Gr0Wv0abmtNeX9Hm1tf0dJdlf6taIWFtXdoHdIHdgg24cZXYHO6rv1DNBLDTI4ugXssrsR0p6CmqroBE+Fj0NktzPv097g16CnSsegLgmVPxDj0Xr6c6iD3PhKxErox1h1iRMMqX46AdhP67TL0MANZeUOF2GBrzDXmFmrL7mr0y8fCUdzHyEpYkfcLH4/1aqozxK9V8endnnRDm3iZOgKlUNSrLGgdUZE8OYnay7kQVOVqP8AyKzqcXGt0QBqPDuUrs9FSoRVSsQLOIFQgVFQ89LOqAGou9lMJUSyV0OqJ1EgMVSF4Ewa981PQrFCPCj+oMUfdEyr5V6GpNSak1umAEEcIyuYVUZhnBy9l5Y7O/8AqdiUSVKyapxlDgt4lKj7zFNyCHrKAEakWwXvk1uWQZZkrEyJ5PQfZZtBUnxAvSqdRwO6aPcevjA7QioeOgXAQys4F+AzQx1RPEtgx0lYuJElkSPTu9puXsH5faYL6HmODaRCSYolBBZEuUS/p42WDXNQCvKmTuEZS4VhrH4f9QtEr/JU1SUe267AxWfF82A2BQHBNTpCia3SMEGs3RzI61ITqccvbiZg9bCEa7AW7jwD2aYoNmuA0j3GU9DPoC4EaEcIugp8FjMgjqit4ot5wfuJErpoiyVGGfCKcCaqBQ+IUg8O4Wfn0KEUvq3Mv1GkEdUdUSOqY5icSgZriHmaZr7F9imxNr/TLRE68coWVYyIzClHJ9oXgA26GLoC+gIFwNiBUuUiopFUjsjsw6y5WFHQ8jT5bzaetFsUH5wKo+wPh3la4SmkSkeOgik6V2gTUlWNEpirlubuYfIV7wYUG7iWQ/MfQKIl6rrjB2oZdtq1fcftFZ1dwLd9ih+yVEgzEqMNMROZiZgYpBwaSsSLwT04DVDWjDz2ip/pVtRniXA7mOY5nu3R7DIlnWqIIFSom6Bc0QR+1aFojNZW8QX9HZ4lOHqlrGOPNtCtz3N/cN4UCIjokLHRWF4SFQLgIWWb4v8AObdziKyMoSAoWgynsIkVFbjqeoDLLDOEMvCu+RD2i1Orgp0A3K8JliWRhMSYIxYTVmpMTu02pteiNH23j7hvtZYnkg2X/o9ggHfeuQ40TerYIAwGkExTFBrBBjoBAqCoKJuYANDtC3GIPrZh0dvsu2cREjBvSVKVZ8zMfaED3T7mx2piICEClGomz0DmUymECogiOjBaUQxptB3MCeHeCjY55hNY6hraHFOa6AuUwg93UY1Y/AUwwps9ksezHxxhrVmT2bPaa9ENsN5WH7h5INbqDD9yOqMJHoYYruOqa8pUawra/k1NnPMLQfeGf9DQd4wVkLQzPty84DWJC81anXxsGxRDLJV0htBBBUGINYOghqAIjpHp3Ep9ORG2Sb3KXihD5E1gdDTJpKIZbsr2sr2Z8wV62Dm00m5WsCEUdCBEdgveHu5HRJVscKe/X6dybRnLBjb8MeahgiImESkeGFOg6FSsRhh1Q81aK1eh4afdixXRUJtmVlYZVW1+6/E3IljElRJUTWJcpZTcIIljqRaSRYzi2913t7cSrD/oFohlbpDmUd0wEGHcVALou7lV3XxB6Qqq4MdAQLgX0ENvQYhqVpq6Xd/qaO8DAMLl8mzssnL8wzG+koNDdNLyGV4hovYrdC2owK19wQK1wnMCBDqCoEN7ur9Oz93jI+4UOfzqRvgNpF0HAte/mFJTDoJKrokYPEWHodPcFIDMMORfyaPchmHEwFAxhosXnR7RJwxhh1RtHoWSm+kiIigiJShsRNE5hg0F3QT4Cftrc0j/AJ10QHIqdA1V2CXqQM5MinOg48mDE1JdL4OhR0hCCBUHQFEHUEuEHZn7n4gVBXyZu934QO00ofIkC64iCSys+SJgHne+89slMuqcXOFdztR8yidDEsglTMy3fJ0Pw6kfE62xuom52Y8QOy9oahrxCzzrKlSo9NEqJElOA5S+H8I2JWIR9PIRPbJXhY2lp+oNJ7JE1jCRIkYYojq6OvLICoEERGxHZOYRHBpYT4D/AFdkow6Qz/mKqiLedosE6w53OXGhkK6WtNqVdYEC5p0MEFQg6NaBxO5AroVMmaVh3u49ynvCBqgWtOd3i/MAmKIWGyO8C9olhDxqBYOEdZu5yix/b9Jk+9R8Bp4ahmFoUJUZ9thSdoQpz+grHJdsIAypTNHQ3l4yyo9ykGxlMRM7J/Y3ORIrIKblQxZhwJh4HyvqMsOEqNo49HCy2OqWQioAlIjYiaJzLL8DFjQNqY4rrU8gg2Y/ytQlXYTyBniwcDfEEgACgIJUPWB0g6GnUAtgQKmsCYIECugX1EOqRtv52rLvSIYVrJ4mv2PeGBjarDkTWBdcRLKlBUCxOEgajLNac6vTPZ4izAlYAN3Q+IF32aezKIEOoCjqYqVGBEr7YOLGA+BybnghBjCJYHRHiJZBwcehHR7nG8dsoKVfA7JSdmPQYZcIkToMObL4wSAIlI6Met8LNFW47mvcaHe4YS0RMJBH/IoO8vPb7i7jfUfY3jYkp2nVWCGXSxlXSCiHWB0DDMCoFEC+gFwIIcvSFE3dM7Rv5cePimA+Th077nyd4SYgQYp0vj3hzlNEsrH4mqa7rPKmPYYUvP4qVmvsmHQ1If8AfaBT6TV0roaRMMTWUpKm0bVPJqcmNpsQbzLJTRydq+5l9xvChZox1RIkqIUxhpLCakEdUegtaK2dLm3COq65EddDYhE5DUNxyT3H+MtEW3oJX2a5TgJQm4kivyrXdt4gcQLg29FQqCDHoAKg1gXBMECoGBXpCum7pugQob84+efeV+OKoedh84l/TLU1VatfZYJI68ME1R4R/X9U6eHU9onsm7S55qn3lAuen5o003qAWDfeZSqm6J0aHRxeg2dUVINj9otKeFo47z7OJdrrBazER0UdFt0Gy34c6MToYSokSJGlzcgiVLLlTWjQzC/jc8GwydzE0i2UOaP4dEyS3X/FGyKnQGVXYqIyiHgbPFrTYzqwV0BKiYJrdAXB0B0ECoFzFAroTR0uWenRBrAuBRLH/sKMoeWEBl2KOe0rcAYANhqnm4/PECP3psPclCy6Sy+iYFqKeIrvIUuudR8RzflNWOaWvY32mogBZeznoolTZ66jMCy2f8rUvsmp2wQd6vc53KYgRsAdAYRHyTThoGLdXkB9neNIlRMMSJEiaxjV6DqlkSyJYzERDdm4aJuMRkiyF3XU51HibT/h7EEspUwmQcorsw3hoYIOtVHQHpAC4FSpRBXQgKmAy+hymnULlhVoXiJJrSlZqywp3CJMRxmHdaI9dqXD5FwZWOQflgIotEr81cpEAwA1L/8AQyra78yxrfoQx4wU/pteEZIZINkFJwD9ktlzQb1tDDpzEx1TpREZmUZBbj7AdnfRhcqq49k2Rwkx3ItBdmxUlPYw+ztAHtOMFE+RiRNZUSomsSMakbXKFiRJRcSDhWsF0TZlsBaMPqGw/aY0qw/4Ko7xFtE5veHvPLRvGI4YtSqnlbg6R1mDoHWKEEo1yLZeNdM6xWoDFWm0rS1rAQ4QTSCCEBBAgekCuqgKoBuy9Uu22nsv4XDmcLHDtkK+wQph61bctzLFrnvAwBt9So8Zr8AG3sxCVC0HtuB7OJasqGub2PyrqxIkeMDG4ZGi8pubhzB7UatW5Hkhyk67QcjamfZjTESUdK1jqlRima0aX0XYymJDorri6JswhYeBT6hsPZ1MabT9e6IFy2OaNADdWgN1Jft97aK+7qu6wYegw5gthxuOENADKwg6Ud8dj3NDvMffjoWAD4AJbGFuXe5V3oFfAaQOgXBAggXBAuBXQFehQMoZrMvXVkObTd+amXTdV1KUX2CVqQJ3/wANMaIBRSJYncgZXaCJ2N/vO0daYj8EwxIkToIkySFtbUfzu86hQo1atEm9SPuNvch5qIAmRyRJUSonTUiRJRNaJtBrEsiRLIC5LNF0R/t3UuwAas2B/wDk2cS4zr9ZW0ZhtxF6iqAbjW3srSBc3Qw1DRCLEK0v1+cfFw+LqoAJkdR3cvbSHxM91zRJR79D3PEHQIQIFwpB0GJUC5XU2DTmfcvd2PtNfLobbhrCVtnvBJXfdgP8cnaFSOrY/vMp4N1RTustcOe8Ug9mR3HoqJrKqIMvMxOL87vMHpOLsAmPmCClvcpb7dBIkSriRMRJUsjT0bGRWBq4vy0glQDpe8FN0smLBsdyJTAiV0F8FQpGYobJ8IO0RUXrFxVDcfkp3ip9RUQyNAWjJZvWHuksqom1Wpcq8sGsGIMsNsMqFq4dfw5pvUKMRtH3JdjQ2iV5lRRhqHeTs6TerhAAoMAQKIFwQLgSgghhCAr0WoEIRwBqxp0UTFPeaeHvxBfHQYOwQDv/AJVR4wELoK/sGH2gs99N9m7PZpjGJGW3ZhcgHRd61jCdxJKr8rLCNIwlxKiRweooA3bBQTzkeUBAEKRLE4Yi7u6O4NzrZi9SI0ZdB+zuYZXRSakxV1mNhpHK1rKnglvv4iiwO4kMn0w66QYyp8BHbmFt0ODye41sQ6wy1B0rS09FOa93nR5QsLw6F/cu7ACwrmCOr+Qsf/JdJdna9B2Cg8QKhFKhQgSjWBcC4ECugdGnt7bbpsN1lutECAdh07ur2luWBX0lDeJgnQigyV5lP/SUdE9yCTGZY2h2wMEdH6KHzC5TTWJ+nvLoAOpwLucfLMWbSpUdUTWakcIwkcJUTDKj+VYW6OnhLPeaEZ93QLr209o8YRGiGG7tzlYZkIRrtBy2BqsnczK6WCUWyqjFPwo+4eHE2vpPFTGMYjCDkrllHYcw0hDDHalwykNfzth5hEkj0LQIFI9ooC2knIUj4teVgroEBNegFzUggVKYFdCM4U/ln4NVmShRD5R+DQlOv0VCPGCcC1Er2liE3/3GDmxW/wDyiFPspPYmIL7r+WFu8CQWvMpHLb7OUwjOJ+5U86sy+9xdLO4PchdcLsoOcA+tLJgRBRSJYnDFO1ZRef52zbEEQRsdyVE1iYiYYmsaRwYkdUdUqOron8gEttiuKsV3juLPMComcStk2NklmGP4zoey7Jh7OILIwXZBMFnKJsR2RJRxh/YwThyPNm0dnf6C0Q26NwiFAu60HdhH7lG6DsAHt1CESGRkmq7ug3fDK9oPba3V3VtXlgpFoWWspu1Q+2rsorKpryKr7twQUQgX0ArrCCuoZPJ83/4GqxHNXT/3mhoGJ7j6GkeMQmFyfa/7B6tKvCu97e0ZuVtS16BSBxEXoDiBzAqBUqVAS0sWkn9Ic6n7mbe7D7OjBYP3gjp61RoY+WFdJs9+Hsx6JUSJiJrGkYSOqMVEyxBuerJA7lUxwsFg69EGN2LalaiROdFzFaJ/9NHOosYkMPYJVWuLTugHhN4CdNqLRH6D2lbkDVDUo3po5HEFdeo8ER1BByGU9Dl8NBseZUd+j2l+rWtk/wDge6E0MCBRBUME1pg6OCBzAqPCpI1bqq7AFrwQ79LlO480aBsE9x9BaIYgAWq0BDjbzQPDfzEQpa7X3hB0BJSVCAqV0EmqMUxJUrcS6mLt+jKsAVsdhNpbr6ksqJ5cRatRJbVpp5s34dzudHqkSMJUSJqRJuzHMFtA2PyEsE3tWGoDxR6pZG7HHtWokobnoNxT2u5TzTAuJVksqmDS00+VOy8RanrV7E1GDB3VoDdZ5KbFKng0OwQzBDAnMiNDAlaqweDGs3OpDlq6UFD3aPeOQKaVAux2Cj2mCCBmGIFdAUSyBXVaF4lEi6+pzTvy5xtN5+gtEBMa1KA5YxZ2dCuXt2gXDoFoAQipXQDWBUqUy0qVi42lESMZ0yb9k3I6YzOg7/8AiUa+pLICMFPjwjsmoxpcyqYHLgbnuSpVROiaxIlkdUSJEqJFDVDGtqR8Bh31NiaKJAKup2D/AM3jt1ITWNnh3NnDEllyvuO0ps8iWJwsH0wfIe9g+INnpeKhC+T10EV8ra8RoYJqgPnZCs5Y3TB3SaHF7jKA9iadMFHSABNzydlr7wLhSVAqHQCC4FdDlKJUC0NgM3w8G74gsrn6I0qgC1dAiiVUjVc+O0pKIcoQUgQTDnAqV0UdAuWgRJRElEYyCqLA0jzCIwMuAf17yrD6mxAcQwWoaPh+1zF5JAgbcy1P/I6MrEqJEqJBXoAkvQigOP7x+YsPosF3iygo3QtX8YFPIRl4IdAaRNkcQaxjFcK0qCm9ATuotT09n96Aq/BEWJEt7Q9gBDiGIbZW916BCq7Ct7hBo6vFRmVc3FtvKfaTZ0JuguCWQVKeoTYAg/8AMC2GKrnl7q7rqsCivoahEwILRkNvfq9BeFegMQaQrAgSoFwSTl6AHQFRIwkSUSzETGcagOzE4wQfjOzLivVZbHxKv/gD6DswQWNjvKqV0TWCoLIkTWJ0OvSy9gPuMEva1o9tvSKbIIQYKqS/Yb8iBliaxZTV0iXV99HssPsG5s6J3Aj49DhR+meiWBSduhwm6OmGo1Vsr2qz7Q1RqqBUHweiuAUIFQCQ0LIPgTV0N3DBmC5rTUhGkC4LQXANByPB8BDRf0FoYv0fJl/zWMWdaMrzKuWhBzgVAuECCYTRCUymVAvoqVEiRiiCyOklxtgbj5lDxWXqcj3g2ereIgyC4Vmb9yzxXSo7xJqRMRJUqVCUyBGOla3IAP3H0pZUFMpqjVkeKp7LG0oFq5B8kTWJhmSYNOGr2iPvjsrjq5R0YlvBPA/I6apulotahjLR3A4ML6Dfqsj3E/ESnkGpqgY6DOkNHQGIFQXKJQLSpoOcHAMJSKGwKPoq3tL6tW+4z7pWBTW7tzFwtN2j5YW5YJr3CbRncfykKstKkxMqtR7D+5bVG1CGrQ9/wNZcl8MdBSBfQLh0KidEjhKOhZLscq1s6e/5i1PULIuPGBa6AVrin26J0SJrGkTDEiSsMdJbTlJwfpGHp3pTwtBwQ+Z9yOUSJJegSwLfGIZINnPPXWAvcGaPNB7x3jh4ItHY09oZgq5rR9wWne4/00go9CPqTL4P2mioIIEEMEErHWxtUXOAt/Y90GF+gqULZFDncfr3ilS0fkGNCfaPnWe7al/JltT8wO+ZXiUG0qU4lZ5Rqx7G4Kgrd38GWg7ZuvJqQwx0UynoqJ0SomINeglQUJwDZNGaxmJwMfdBs9RgRkVojhJT1567stfCdEiYiTaJHeO8dGOjEVOmnsX/AFtNB6UsSBLAUrUfcK/ImSJUBlkSmHQ3BV1X3Kz3hkjoypgTGoB+cEBUFsCHDMymcqrCz5XpanmwkLuDiBRBDBAogxKx0aFaBeIAEB1lC097YFH0ZIowo8XBveuZUAAwAUECd4FfSQxRpNcXsVb3N5hSXI9z9QJXVwlVEiQaxIMsTWF1sDw3h+GLCeo4uFqllel6vdMV0qJEjiOsTp2gnM+6H7mh6vgnDGt95qGLyCP3GI5nhMuQy4C08ZD3Y7jTH3Wt7UqLwi+EFSo6CRtVftMKVjPBenn/AMIIwIIIdYdYNYFwLhiBc0kMksyJe2CXRc7/AEq+ulg/wVoGKWldd/Pt36qlRIlRIKiYYlkSIU0F5LH2R5w2PqTCSxgFLLsMD4WJHViRmzNTEwxcTR0o5Cf08zQ9S0XuQw1TBQCx0OjLhUT96v8Ah+ZoYEBlYi+2JVGXxEFwXrBrD/a2YQlYIe1PS4qhjlEn3COl5DoDEHSE1IFQIFRizsVFr96gYf8AKSyGgCFI6JGtRshu48SsdUlRJijoxINZYMtIJF3LP16wUItWiqD71C6VLRwmE+SOrExHSVjoVEiXEnhw/dND1aZiCgD3eJiOkclQH3fgSnYxqCRS2WZZ9oPRcg6q5V92E3w0Sz+thlX6fIJ6QEDotMLWrFIiP1BDSCrggTd6Nd6NegNX3PvAor6dDeVlJSVlZTmWc/RSyoZg1K0SNTfITbs9VRImsyuJrEgiaxHd6vAuaD1Yty5ggBQLlr3eqaxiYYkqJEiYugPe2/U0PVpqOvUO9jnMSLREUQ2VZ+J/83cf3K/aznWR/BYaKNoOgSgtkqXe2sv0xhsi56FFU91BBNDNU0Mxjp0CrZREOKWfomkeM4ogur8RuOPH98xzxkq/yzKvt0V+Ivt+Afqap4qwr3EUhVnv+2pEBAWHFeT6UlkxvOvxEQUuh2erp0FLE1iax0jFj7/2ZoerTLbdhPs39xj0XomsSoldKjuRsAaLg09TkHeZyun8n4Qxaw/3tmAO2fKQz/SX3yfqKZE5xazRDSVt9QUZD0C1MPQG42h9p8sOvQdAmBhpAuIStFA3vExJWBexX6+g08wGwrUoCM4003/Y/wCzzW9PrdtTdGvaf9gQp2NXy7wUr6R3gcdHs39z8SsdEjBHSCoINZku39maHrjHqT7H+ovR0nPUx1Yy+m1dtVh7UQx6lu1Zdm/SffIKH7ix3joy+HX9TP8A4l0MF3X9sH7ij2jojixFeYbl+V8kd+kaBxvZRt7NMsLffuhhrkmjo3TZND03TRG5QM3etoTgEI1XB3lnAuJwHfl6HqMQOpvefBABjUAoCBRj6aWVK1LJ7xmGV0dIkdGDWGJr0s3uV4FfuaD1akC81XQrHRiS5lGJO83IkovtKA6rWmA/XqWhlMZ8ZZbdgPukY7xNYRFhDw/tBA0YOwUfiUBRD3Q/a59yVRYY4tYWd6atCvkB5SWFH0neJqiAFiVl2pT5GaOjdDE0dNDLWmzfHrFtDMCtNAjhqtOI58sMQgsQfeDfUCzzG1c+JZ2IFH1RUDpBg8Xjox0Y6M3TRFju4oaiVOWX8/QgdYdOLb9x6YjEidNTLGBmpihQ90Qavqe0ZYBE3QFO1AeVmVxiywy9gHlEFarqwaxd3gB81FwYLvmPGswR3FNV4G6yWZ2yEVdRk1aCdwI+IZ9CWVLjdil73sIMFq8ZxTjs6nmAQ5gWwKOhpDWBA+Rs/EuttK3kv1PaO0aip1dv2g8QZZLroIO6X5J4uNj3hJhUAYCBR9Y4gmAHuGT9QYsdGOkXD06GZsCrDrTg92Zqvr0wijZ8Wb+6zmX0Tq6sFMA/ZSNAa72F9iGvU01wogUF7tHvLhAjvWng0OwRZejwhjCYdlte1MDDFQGpkhZUPGWHso9o6WKootYpZVAi6Ko890PMLCenelxRtyHB8S+TxNE1M1Q06GkF5olS0zOd1hT9x9WrJkG/BE4VHkYQYS5cuDcGY2vPXsexBT6+pCN8h9+i5cW0XpRWgVcAbwAGd3dvZDR60r5Yh6sHbg0feo6dV6YX0JLw4Vq/Yt9o+ABLbRu93X39T2gDC5roCKfJbwRmuLtGIrQyrsRkQmnB13gj55gogiwoLCwq/ANHgbR6x4mp1A+BvaS3tYe8IWKJ2dR7jY9yDZfpM00jRHCMvos1trVvJqO54jzCaOg3NJcA3nKw+QQbPQ6oJWc7tkfvXT3egktv0Mo6FY79wcHuw2r/AIGCjwcfkl1Lje4svDF1iuMDSav94l2foWn0RWtolPdJUltCrYvRerv0M0oDdf8Aw18oNX0rRFUNVcrg+Va9rlgsfb7BwBQGwR3jGIMHDeKHy0e8yGq7dSK3GF0N+2COqV7eIPkmCanooDpIrKtTgxR7uY7U+lLJhXZh2HENSchkJrsfsNmO4tToNdArEdrCufufiLCejWgg7h91X46SDvh0/ODe8JVuoOE/7DX+A0wQnSfKsVLFuLFjhHa4Mt/ePzBAAAoDQIFHrVKGKXM5dH2UfEXq79FqLKQabaBqrsAvtKJzcryu62vmBR6QBDKSgDVXaBYWLpt7P27DvGMEQitBlWJgQbS0lNlWjWDR1O8TiHqW62cFjwL1iqYOoYqjs1TuNJ3GYQEs0hg5mqBznebT6bPMvNY1Paj9m5BFCnKs9gn7NpUwlYg2x9DOs1k19iykQFYm5t6a0uF9r6KIQTXpKy29y8q/+f4OTUpRyE7GP1Dv0WA1BS0AZYBzQWcd3LxMdBQcQKK+grXIHLpLT8Kruz5KvhOt9ViAVaDVYTkCPDEzo6ntUqz6VVRMDqufGbvB1b6c9DoxjvA27Q4cTyj4GFovoSypzYUVRqdzCdyH4ARSlB4cImyMWGPWLo4Jy8c60pNxLEdRZW8UAs/eHs+zmXYdfTZ5m20FHmXJue5mfZ7ZK25+HDHFApmZLNZh1yKv3jHlRWeit/M/J+ug6XymPRqeIKH+9P8AAWi4NhVDyYI5tW11YLI6S5lvWF5mLA14WfbgnLNPoKiGUWRvKH2zHllBQwG3S4vRaIsQlCWGPp3Br4BvBZv0XUVVGe0MnWwiajlvI00M6UoCgxUcX0ZrtRAdoD+8xkUg16dKcAwHHdYKemw7ywgC4ZU2vPWdmnm1WRqC6if25VNSZOngjwkYdd0e63P3EODg7K3W7s+zmbD6bPMyZLe4o/JoyrNTVwHHDyOSaIpqgVMhHQL9hr2WZA+OupCJMuvNNn5hGCXCLlxcq4mbf2p/gPaE0KXwdh7ETWHWLQLYYl7cf8v/ACYChAUEE+kYYyooBqrAV2Q0UX5LPxx0vpcuLcbQRTsBq+XQOXtBqUz+6u6uVgUrqoQgAShQDVXYg7EbzLpXd31O1GuijBHRidGFGgyrKLR5d+Mvgxuze9eokSFohH0b/wCHiKOTUF1Ejj16jgnK+HYdQ0TcYrtldgGq78jU+8p19LbzNQ9x6dx1HuSzNxG3b8p/9U9RWIljiVqo0fA98YXkjs6JhgkFhPjT7GD1EXBjowEVjm+uVEfYDru8vaWgVbS1WOx04vJ7u0DAW+75d4c5p9LUIxNSTOvJblcpx5gkXousvoX5+7U1TYP/ACBI2eLmV+jYlDv1a6TvJCF21CcEd6KDBOS3a7DvrFr0Ys1iggDi2h03Dq7uNLguX6O4QMH7Gk0I1ONR3MR/I6Ooo0ycn2fVDhr10ptxl0sB9440DedHtC3T8RHoJZMKIIUiWJwy93Vitz+intLdxHI7j0FuloNzHwfcIaOie5/2DZ0GywDs4hX1QH4H3Jgl9Fy4PMUbZ8UDj8wbL+ttivjS2g4KhPisaw5wK0+nsEvLkTkyYvwbvYjEFO2htXuvVweeqZGWm/y+wf8AkrMFVCI9thbR+5Vl16KEtdB7EJi9OpxN57e5IuxrZ4F7Idj7xlSpo6Kwt9UXXhP+BnQUeQqEUAcBAor6TxgfMjjbXaP2d7iRpSv4APuYdnb1DKgIljhHeIzgRvvPjljipSZu+OHyfjvOX0vGC6MQHsdzsygVEGzXQG7Gj89FZeeih3R7fl5iWj0OLmGUTqcs96/DChC0HiDfQcRhwMp1DmvaLU+tUo4+q7SEBsyGnFu35bS75hb9jgNA2i9HCX0WoOu8H6HvUIX6k5W3X4NCVZdZdR4wQVpD2zlO+neKj2CUMim4Hh7rNCjBGL0WNsTZfMdGp87Og7sNf8TH7uV3YFPqIYsLBhLCI4SMmZYZO3z14hhYMD4DURyJwwTtO76GeVKxs3Bwm4zD1qBRfcX3yeIFBBhLRE1O8A+hDC2fQAOEdYTGa6bTlOnl7MRR2BJ3IT1p3J73cbcniVYemoJYlU7x0a9qe5dz8QahSAg3BmkCT3rb+8x77Ldt2g2f5N1LR4iBPK34/cePlUvs4q1f3aLHSLFiQVwG8JtdtiuATbuxxcD+VffK7ruz3ESd4EPrL98y0PhxhE5f3p8qY7y7f9w/jSLiXFr0XWLLMCNyHO5y79uYeLtCLQCBT61RrpLqjJuQaGme+BsxAKqEvmzXupOhVMHUNSLxRnMeN35ezFVdgrfi8GntBKn4YI6eh4wYLUL4Bn9SpIIi0OGrp8nxGzkWsaqnTubeI7hLIZwFI7OycJB41hmD/vJ0B6Ay6l1bVpY4ff8AMeh/yEEFv1kA7rGvp3MZuzQ7s8VrHTMoWrdXdlxalkupkdsEeAl8ejVkdVo+xjm4C4IZbRDn5tuByPfgNe0skKuz7ro85e8XotReizKEMABVXQA1e0cENTwDgOXtxyukxgAAAKA2AgUf4LbzHparTe371iN/zyHwrgcPuZa6G1I4RyaeqwgFIJwz7oEABMjvTZHQgXhvkHR3FghR2gjp1QY8ZYYcJzFNOsND0s8w5paR1O47PeW9xQFHbgfz0DCHumudqiaMpTGtAHf+mUYf8VBLWD7QQegHXrXTNsFsOrezjNem7TLmLL6FghVANVl4rXucmv5NHea2rlUdy9jsUQBrOJLUSFXA1Rfced4o1lhR2ML44O0AABQYAiy4wsvozCq0rXZByw9opLIzocrnVngJZlmn+Glx11ChuqrNyfE+yRATkOuxbPYcOy9VUenTMMLc40RpPDKb4iKjsnAYr5TGRbp63W2fNiFdcwR09bYhS7q0GLpIjyXM7awSRFGEcJDqhgiiIiaiaMssBgCx8f2QJCWdhyMA9v8ABTKABWpoDlgNYYoJfgPa2MoAq8E+T8O0AoABoGCLGF1lw/sKXzmV7FscWocF+V1e9vEMAAAAGAOJYafMAgCq3T2PL+O8uAe00Fet6eJbnWJVM5T5C5ejDPlGHHXpXrqjBb/dWhvxLTisDyX4jQ2JTr/joYZU6cDhHDGTrxl1FLW/v2TX3ApJyOg7lkA9Cv0Ate60I5EyPiWyA1dB/Z7895pwEPvHId9O85YN6epLI1yS9F4YtnZp7sxVg+FYOzX3YlhY3C5OHQHFstzr/ntBXILFeP8AqE2vQQfchzgjp9JQiYOgfEL71rvgyU+aiCIqk1nkb8sR3F0V7bh2bl47RUYY0RWQWffnX2tiaNNLuXqv3fEAeYHQGwbEwd4mAjDCugbr2IhZY0oc0Mdnyqanww98xYsWMNI9I95mr+AMrNR3wC29NXswb3AemBgDQA0IH+UeMRhbTjSSlldyOL0KQfZKp3C+0EGVgKQ1E2Th6Ne8+XpXyyD5EiVyJkiYGsqxqzXRbkp7M0K4tdPA1XZnLNfUhlgIJhHRIiUy7GcGx8VL5mrj3hTUgW6epcBgTaL5DRhg3E3/AGEpCdrgPcgtn3C+y3MknJkfad5KSspxMtCZeOVo+WCRjpQr7FswowGrwKIBXDJHO4UH3l8SxfPwn5uABgDpYby0iyiFbQ7PAZlvB35Beo33qL7TLV9g4fe4BMSgUDgNpg7sAoGD98/iBhg5YGudfyaIjvxyAXbSHYCDfVTHujqjHlKaSlfDjPYe9RaZ0YEugY7Rrust1mn+YlxZkgzSoAK7OhlznhJajaGOMJbTNuO/pGVCK4OOdcQcDQY0Ri9EwoVudfzFPEOY2CLswXXHrQyxOT1Pb5rX3iiZuj7WYftF7pTa+YMJ3hYlx2S41ri5ZO2n8QwUOYAt+WX5XtfuMGQT5MEo3OY+2EISk8v4Ru1OfyLChuo6ui1LOgPTUhPAZihw3UatCW6cRLcdAHdSz8QIm1C05XK+WDVtllt2D++xAcq6RSKRT2Udfd90BvkrV4vB+e/W6jCAjrjSaoYHiVemA/OkFGaZC++6O3dmEomgn4Awf6EIYQ4agsDqJuQH1KC2LBvysZ0g0Io8WLwB3JR1ayDUr8QEr3TbFHc02+cPeJiGrXlaBd7PzCJhtVhyJrAe3rQY8YgJqsVtLe82og84x9pbiNth91fqNxsRC+2p8R/qST+US6N+IxV8xZo6E8xJLRJqh7wK9h/5JLvXrQxTuqKgdns0M9qPvKQcjb9g+YM5K0QvOrbmXcrnvAkUJbgTQyZLd8RtYtj1aAHxtfJM7bdLei40ll8RwlJVA5Y3EKuWzdKxpscDG5g7tfh7FBxOWaf6NvpKg3tIvk3HuQ/ZTXeRYG1Ue8RNEOiaiSjx1sgp0A5mQVkr/fMu9Ia0qKV/c08U95eBAWI4TkgH6FRMY7AAg+GNjv1r5I+q7svhsjRD4qBuh8t+oabSuaH7BBgtO9A+9wer8B+oDXfIQV+b9tFhcNxPzC7RWPwTLVgfMobdLqN9IrtZdPjXbDvQl2Sdig4Lc9wogBoADYl9L6GGG8YNVHT53B1ZrQ+Jjy1p9xoeTb3gLVXO7ADT/TVceMp7nRo5CZ00bJVBNBaO1V38HYiEFCBSJqJtL+onslOsxTATU3GGAZFVPdr7cdoerqTE7XUF7Z7SyR+8D6ipRxKcQBtKJXreMBCsGYuAyuwMU3+8JA5C6252xEFgUI5VyvQvR5dLC4++ULdCuv3fA857SvYcBeNyPY7Qrj0WbsGCAP8AVIMtkPxGfq5NFo6Plh7xuodAfa6/Y7wUu7HRl3QthFHaFt4NmcneMjEAmswbx73CEtbD+a2FupBmsEdP8RQjYdgLeCXlwC67DXfGMaxgiqKaHwuwS5b0JjLL0x37aTnNGh3cQEPyzfAJ23PC4/JlpRdXu93MK65/1yGWgAqQsHCbxdbJo3JzyOUeGIhGtHi+Hxr2lPeDzME7sOhBKEFFBpHkdmI0CUIeD7WPlKOXSgKalmPOjzOWa/4LxiW72ZXi7Pd0N2MtXiWXLyOvh8oUACg2JfQyy1jPlNQvR+IGWXPisIPC0+57Eu14UbU3fK8zlgV/sUsB69G7bR/ME7Ij2+xQo7W2yRU8K9Q04dTuYle/S7sHnoEkt6+zK8xKHwOm7A/YxyEA3VnC5EwwHz9ZQhiAC1WgN1YhbxQWnPA/+nSb3BEO3Y7GOp5dDDLAi1A5Y8ApaA+5T5NHmZlNoOxuvAMTlxArT/aVHjNl3B9r5PGnaE3trwwXeNg7G4awhYJydHuzuy3oHTYqalTvflB5GUJ0pgXfZ3j3qU6/UeMoDC/3lvnTvKTvKmFprf8AArsfQe6M75ce6XgKq9z7rl8jN+CB/YdQrlte0pVVvlgf7ggy2Q6bkUA7tbu5b+5zcDUzK3ceNg/6EEdXv3nudEeY927K/kTJFMyxgZoAaeOOSGjGmn5EwkD6BBMgALVaA5WZDYvazdTUYz90WC2WJ+jsYOhhl6LN4j5xa5aMGnlxDbGhW/Ef0O7DBBST8AwQTv8A7x4zvJWz90u5D4e6NerwGB/0CCBGx06Fes1+kdBczVvJu7ut4sO5HSgg9M2eTgYZy+p4ytzVJjfY7tEZh+MYL0Wrto4ildDL0rDN8zBBgkr3wrV4MawWRZfcvxBgnLAr/fJZKXYuNyOC+Opc33HuvaNOGuwB7jsmGYPRiQNy4CaKYhw7J2bJdHoovYrZf7N4rSYxEQsRsTkgjp0QQlI0YHKuCBvYRTsQ/M4d5WofOlaHY7GDosWoww9O2tJS+Ah4EDkbW9vayO7AFjgFANANiB/AjrqO9Rpvi0ZO6x4hhsVVdo291rqX6KriDUs6NIjSO0HI3JQM3diu7HCR1uoCqte+7DL1LmIZo8ZNDlYI82rut7w704oDjfqsYdUcJcWM3TIi8Kz2HukJ0QDeNWhsPe2cv8FbeZRoU8/cYqPV85mo17evcaE5Hs9ulVcxzKDz0GpdTZBxTYT7mzL5dfmai74to7xMcXZvu9Fy4wwwyIVaDKs9g2EstmT5bVrDMwOoP2u65YB5/g6XFKx03IbobIHAacD73KPuNADZNkeSzqJWWwjynlPOXGGLx6RkyDewED+1vFsenqM2vL7Nr1gLVfeBWn8KeM1XoiO7fysO8SmRtR7B3OHHC9CyEknUec8+hhl1R7oRClaL5dhl+8MA0LiOL7Zl3Wcv8NQxc4DCmyOsIuy3ud9rxo7wBZ4ziHdCnQQ98rzEdZlUFoWLF5E1fB3hfvzWd9rk3WUef4elxSs23lylDoeuPxTO/MeY+/s2Qwmwx6KX3h1lK1l+6l6LU3PnbqNQFsrwMABoHED+JHjLsCqF4i6rdYezmavQAKFvgwysnfWCN4QMHoDHxwlgANVga2wxvw8nwN2JZfmBX8UbT8b6xpsNRNJnwkaSvFejxpeziDUVy4AbitjQDVmEMGsrrz/8pjX4/wCLpZGwtEKYQcI8RgMG2lyu8JrrNr0gmwRLE3hX90vysBurghgUksuMr9nW9icv8Zq4irIpGq+7xG+esO+cwVWjyCHn2Nd7m+/xyvEAbf8A4Cf/2Q==');
INSERT INTO `users` (`id`, `created_at`, `updated_at`, `deleted_at`, `username`, `password_hash`, `nama`, `role`, `bio`, `profile_pic`) VALUES
(3, '2026-05-04 14:54:41.629', '2026-05-04 14:54:41.629', NULL, 'Ayam', '$2a$10$9Ime6Dh0tH209mO4HThtyuel9H4fMY.mOLUsrZfCYGBZiKcxtddFS', 'Nafi', 'user', NULL, NULL),
(4, '2026-05-04 15:06:44.460', '2026-05-04 15:06:44.460', NULL, 'sunka081@gmail.com', 'google-oauth-dummy', 'Sunk Ai', 'user', NULL, NULL);

--
-- Indexes for dumped tables
--

--
-- Indexes for table `affinities`
--
ALTER TABLE `affinities`
  ADD PRIMARY KEY (`id`),
  ADD KEY `idx_affinities_deleted_at` (`deleted_at`),
  ADD KEY `idx_affinities_user_id` (`user_id`),
  ADD KEY `idx_affinities_target_user_id` (`target_user_id`);

--
-- Indexes for table `assessments`
--
ALTER TABLE `assessments`
  ADD PRIMARY KEY (`id`),
  ADD KEY `idx_assessments_deleted_at` (`deleted_at`),
  ADD KEY `fk_users_assessments` (`user_id`);

--
-- Indexes for table `curhats`
--
ALTER TABLE `curhats`
  ADD PRIMARY KEY (`id`),
  ADD KEY `idx_curhats_deleted_at` (`deleted_at`),
  ADD KEY `fk_users_curhats` (`user_id`);

--
-- Indexes for table `curhat_replies`
--
ALTER TABLE `curhat_replies`
  ADD PRIMARY KEY (`id`),
  ADD KEY `idx_curhat_replies_deleted_at` (`deleted_at`),
  ADD KEY `fk_curhats_replies` (`curhat_id`);

--
-- Indexes for table `follows`
--
ALTER TABLE `follows`
  ADD PRIMARY KEY (`id`),
  ADD KEY `idx_follows_deleted_at` (`deleted_at`),
  ADD KEY `idx_follows_follower_id` (`follower_id`),
  ADD KEY `idx_follows_following_id` (`following_id`);

--
-- Indexes for table `gossip_reacts`
--
ALTER TABLE `gossip_reacts`
  ADD PRIMARY KEY (`id`),
  ADD KEY `idx_gossip_reacts_deleted_at` (`deleted_at`);

--
-- Indexes for table `notifications`
--
ALTER TABLE `notifications`
  ADD PRIMARY KEY (`id`),
  ADD KEY `idx_notifications_deleted_at` (`deleted_at`);

--
-- Indexes for table `predictions`
--
ALTER TABLE `predictions`
  ADD PRIMARY KEY (`id`),
  ADD KEY `idx_predictions_deleted_at` (`deleted_at`),
  ADD KEY `fk_users_predictions` (`user_id`);

--
-- Indexes for table `system_configs`
--
ALTER TABLE `system_configs`
  ADD PRIMARY KEY (`id`),
  ADD KEY `idx_system_configs_deleted_at` (`deleted_at`);

--
-- Indexes for table `therapy_recommendations`
--
ALTER TABLE `therapy_recommendations`
  ADD PRIMARY KEY (`id`),
  ADD KEY `idx_therapy_recommendations_deleted_at` (`deleted_at`),
  ADD KEY `fk_predictions_therapy_recommendations` (`prediction_id`),
  ADD KEY `fk_users_therapy_recommendations` (`user_id`);

--
-- Indexes for table `users`
--
ALTER TABLE `users`
  ADD PRIMARY KEY (`id`),
  ADD UNIQUE KEY `idx_users_username` (`username`),
  ADD KEY `idx_users_deleted_at` (`deleted_at`);

--
-- AUTO_INCREMENT for dumped tables
--

--
-- AUTO_INCREMENT for table `affinities`
--
ALTER TABLE `affinities`
  MODIFY `id` bigint UNSIGNED NOT NULL AUTO_INCREMENT;

--
-- AUTO_INCREMENT for table `assessments`
--
ALTER TABLE `assessments`
  MODIFY `id` bigint UNSIGNED NOT NULL AUTO_INCREMENT, AUTO_INCREMENT=17;

--
-- AUTO_INCREMENT for table `curhats`
--
ALTER TABLE `curhats`
  MODIFY `id` bigint UNSIGNED NOT NULL AUTO_INCREMENT, AUTO_INCREMENT=39;

--
-- AUTO_INCREMENT for table `curhat_replies`
--
ALTER TABLE `curhat_replies`
  MODIFY `id` bigint UNSIGNED NOT NULL AUTO_INCREMENT;

--
-- AUTO_INCREMENT for table `follows`
--
ALTER TABLE `follows`
  MODIFY `id` bigint UNSIGNED NOT NULL AUTO_INCREMENT, AUTO_INCREMENT=3;

--
-- AUTO_INCREMENT for table `gossip_reacts`
--
ALTER TABLE `gossip_reacts`
  MODIFY `id` bigint UNSIGNED NOT NULL AUTO_INCREMENT;

--
-- AUTO_INCREMENT for table `notifications`
--
ALTER TABLE `notifications`
  MODIFY `id` bigint UNSIGNED NOT NULL AUTO_INCREMENT, AUTO_INCREMENT=20;

--
-- AUTO_INCREMENT for table `predictions`
--
ALTER TABLE `predictions`
  MODIFY `id` bigint UNSIGNED NOT NULL AUTO_INCREMENT, AUTO_INCREMENT=17;

--
-- AUTO_INCREMENT for table `system_configs`
--
ALTER TABLE `system_configs`
  MODIFY `id` bigint UNSIGNED NOT NULL AUTO_INCREMENT, AUTO_INCREMENT=2;

--
-- AUTO_INCREMENT for table `therapy_recommendations`
--
ALTER TABLE `therapy_recommendations`
  MODIFY `id` bigint UNSIGNED NOT NULL AUTO_INCREMENT, AUTO_INCREMENT=10;

--
-- AUTO_INCREMENT for table `users`
--
ALTER TABLE `users`
  MODIFY `id` bigint UNSIGNED NOT NULL AUTO_INCREMENT, AUTO_INCREMENT=5;

--
-- Constraints for dumped tables
--

--
-- Constraints for table `assessments`
--
ALTER TABLE `assessments`
  ADD CONSTRAINT `fk_users_assessments` FOREIGN KEY (`user_id`) REFERENCES `users` (`id`);

--
-- Constraints for table `curhats`
--
ALTER TABLE `curhats`
  ADD CONSTRAINT `fk_users_curhats` FOREIGN KEY (`user_id`) REFERENCES `users` (`id`);

--
-- Constraints for table `curhat_replies`
--
ALTER TABLE `curhat_replies`
  ADD CONSTRAINT `fk_curhats_replies` FOREIGN KEY (`curhat_id`) REFERENCES `curhats` (`id`);

--
-- Constraints for table `predictions`
--
ALTER TABLE `predictions`
  ADD CONSTRAINT `fk_users_predictions` FOREIGN KEY (`user_id`) REFERENCES `users` (`id`);

--
-- Constraints for table `therapy_recommendations`
--
ALTER TABLE `therapy_recommendations`
  ADD CONSTRAINT `fk_predictions_therapy_recommendations` FOREIGN KEY (`prediction_id`) REFERENCES `predictions` (`id`),
  ADD CONSTRAINT `fk_users_therapy_recommendations` FOREIGN KEY (`user_id`) REFERENCES `users` (`id`);
COMMIT;

/*!40101 SET CHARACTER_SET_CLIENT=@OLD_CHARACTER_SET_CLIENT */;
/*!40101 SET CHARACTER_SET_RESULTS=@OLD_CHARACTER_SET_RESULTS */;
/*!40101 SET COLLATION_CONNECTION=@OLD_COLLATION_CONNECTION */;
